Description,Filename,Original URL
"Ceramic;Ceramic - Architessa","ceramic-ceramic-architessa.webp","https://cdn.shopify.com/s/files/1/0416/7847/1329/collections/233593929889.webp?v=1711373768"
"Encaustic Look;Encaustic Look - Architessa","encaustic-look-encaustic-look-architessa.jpg","https://cdn.shopify.com/s/files/1/0416/7847/1329/collections/encaustic_florence.jpg?v=1711373771"
"Porcelain;A bathroom with blue Currents tiles installed","porcelain-a-bathroom-with-blue-currents-tiles-installed.webp","https://cdn.shopify.com/s/files/1/0416/7847/1329/collections/233768976545.webp?v=1682366478"
"Pattern;Pattern - Architessa","pattern-pattern-architessa.jpg","https://cdn.shopify.com/s/files/1/0416/7847/1329/collections/pattern_braga.jpg?v=1711373775"
"Stone Look;Stone Look - Architessa","stone-look-stone-look-architessa.jpg","https://cdn.shopify.com/s/files/1/0416/7847/1329/collections/stone_look_currents.jpg?v=1711373779"
"Dimensional & 3D;Dimensional & 3D - Architessa","dimensional-3d-dimensional-3d-architessa.jpg","https://cdn.shopify.com/s/files/1/0416/7847/1329/collections/3d_boho.jpg?v=1711373771"
"Wood Look;Wood Look - Architessa","wood-look-wood-look-architessa.jpg","https://cdn.shopify.com/s/files/1/0416/7847/1329/collections/wood_look_love_affairs.jpg?v=1711373783"
"Subway Tile;Subway Tile - Architessa","subway-tile-subway-tile-architessa.jpg","https://cdn.shopify.com/s/files/1/0416/7847/1329/collections/subway_hustle.jpg?v=1711373779"
"Just In;Just In - Architessa","just-in-just-in-architessa.png","https://cdn.shopify.com/s/files/1/0416/7847/1329/collections/Just_in_Cache.png?v=1738594519"
"New Arrivals;New for 2024 - Architessa","new-arrivals-new-for-2024-architessa.png","https://cdn.shopify.com/s/files/1/0416/7847/1329/collections/new_for_2023_-_meriba.png?v=1711373765"
"Coastal;Coastal - Architessa","coastal-coastal-architessa.jpg","https://cdn.shopify.com/s/files/1/0416/7847/1329/collections/Coastal_prime_blue.jpg?v=1711373766"
"Contemporary;Contemporary - Architessa","contemporary-contemporary-architessa.jpg","https://cdn.shopify.com/s/files/1/0416/7847/1329/collections/1bc9a7f25abd2400a98328e2585184f0.jpg?v=1711373771"
"Industrial;Industrial - Architessa","industrial-industrial-architessa.jpg","https://cdn.shopify.com/s/files/1/0416/7847/1329/collections/Industrial_diesel_industrial_glass.jpg?v=1711373771"
"Global Fusion;Global Fusion - Architessa","global-fusion-global-fusion-architessa.jpg","https://cdn.shopify.com/s/files/1/0416/7847/1329/collections/Global_Fusion_Palms_Midnight_Matte_KitchenBacksplash.jpg?v=1711373771"
"Mediterranean;Mediterranean - Architessa","mediterranean-mediterranean-architessa.jpg","https://cdn.shopify.com/s/files/1/0416/7847/1329/collections/Mediterranean_taza_biscuit_matt_tan_matt.jpg?v=1711373775"
"Mid-Century Modern;Mid-Century Modern - Architessa","mid-century-modern-mid-century-modern-architessa.png","https://cdn.shopify.com/s/files/1/0416/7847/1329/collections/mid-century_modern_baywood.png?v=1711373775"
"Minimalist;Minimalist - Architessa","minimalist-minimalist-architessa.webp","https://cdn.shopify.com/s/files/1/0416/7847/1329/collections/illusion_install_4_900x_fddcec30-7b26-4832-bd44-78127e167211.webp?v=1711373775"
"Modern;Modern - Architessa","modern-modern-architessa.jpg","https://cdn.shopify.com/s/files/1/0416/7847/1329/collections/modern_diesel_fence.jpg?v=1711373775"
"Outdoor Tile;Outdoor Tile - Architessa","outdoor-tile-outdoor-tile-architessa.jpg","https://cdn.shopify.com/s/files/1/0416/7847/1329/collections/8a44f6a61ab95eb3879a7b68945666eb.jpg?v=1711373775"
"Traditional;Traditional - Architessa","traditional-traditional-architessa.jpg","https://cdn.shopify.com/s/files/1/0416/7847/1329/collections/traditional_prime.jpg?v=1711373783"
"Transitional;Transitional - Architessa","transitional-transitional-architessa.jpg","https://cdn.shopify.com/s/files/1/0416/7847/1329/collections/transitional_terra_rones.jpg?v=1711373783"
"Retro & Vintage;Retro & Vintage - Architessa","retro-vintage-retro-vintage-architessa.jpg","https://cdn.shopify.com/s/files/1/0416/7847/1329/collections/retro_flora_cement.jpg?v=1711373779"
"Directional;Directional - Architessa","directional-directional-architessa.jpg","https://cdn.shopify.com/s/files/1/0416/7847/1329/collections/directional_genesis.jpg?v=1711373771"
"Field Tile;","field-tile.jpg","https://cdn.shopify.com/s/files/1/0416/7847/1329/collections/metal_matrix_install_gun_metal_floor.jpg?v=1742388249"
"Mosaic;Mosaic - Architessa","mosaic-mosaic-architessa.png","https://cdn.shopify.com/s/files/1/0416/7847/1329/collections/8bcd28584f8d30c1e198f1def4bbcd10.png?v=1711373775"
"White;White - Architessa","white-white-architessa.png","https://cdn.shopify.com/s/files/1/0416/7847/1329/collections/White.png?v=1711373783"
"Grey;Grey - Architessa","grey-grey-architessa.png","https://cdn.shopify.com/s/files/1/0416/7847/1329/collections/Grey.png?v=1711373771"
"Red;Red - Architessa","red-red-architessa.png","https://cdn.shopify.com/s/files/1/0416/7847/1329/collections/Red.png?v=1711373779"
"Blue;Blue - Architessa","blue-blue-architessa.png","https://cdn.shopify.com/s/files/1/0416/7847/1329/collections/Blue.png?v=1711373766"
"Yellow;Yellow - Architessa","yellow-yellow-architessa.png","https://cdn.shopify.com/s/files/1/0416/7847/1329/collections/Yellow.png?v=1711373783"
"Concrete Look;","concrete-look.jpg","https://cdn.shopify.com/s/files/1/0416/7847/1329/collections/strand-ash-10074.jpg?v=1729529280"
"Farmhouse;Farmhouse - Architessa","farmhouse-farmhouse-architessa.jpg","https://cdn.shopify.com/s/files/1/0416/7847/1329/collections/farmhouse_Wow_love_affairs.jpg?v=1711373771"
"Waterjet;","waterjet.jpg","https://cdn.shopify.com/s/files/1/0416/7847/1329/collections/kaleidoscope_cube_web.jpg?v=1742390663"
"Travertine Look;Travertine Look - Architessa","travertine-look-travertine-look-architessa.jpg","https://cdn.shopify.com/s/files/1/0416/7847/1329/collections/travertine_fr20.jpg?v=1711373783"
"Backsplash;Backsplash - Architessa","backsplash-backsplash-architessa.png","https://cdn.shopify.com/s/files/1/0416/7847/1329/collections/Backsplash_Tile_-_Overlook.png?v=1711373766"
"Resin;","resin.png","https://cdn.shopify.com/s/files/1/0416/7847/1329/collections/seton_petrolio_amaranto.png?v=1742390927"
"Textured Look;","textured-look.jpg","https://cdn.shopify.com/s/files/1/0416/7847/1329/collections/Luna-Splitface-and-Stone-Tiles-web.jpg?v=1729529434"
"Slate Look;","slate-look.jpg","https://cdn.shopify.com/s/files/1/0416/7847/1329/collections/atlas_slate_black_nat_mosaico_particolare_bagno.jpg?v=1742389701"
"Marble Look;Marble Look - Architessa","marble-look-marble-look-architessa.jpg","https://cdn.shopify.com/s/files/1/0416/7847/1329/collections/marble_look_art_house_rel.jpg?v=1711373775"
"Metallic Look;Metallic Look - Architessa","metallic-look-metallic-look-architessa.png","https://cdn.shopify.com/s/files/1/0416/7847/1329/collections/Metallic_05067d27-8f4c-4ed9-be03-19198fe80960.png?v=1711373775"
"Monochromatic;Monochromatic - Architessa","monochromatic-monochromatic-architessa.jpg","https://cdn.shopify.com/s/files/1/0416/7847/1329/collections/monochromatic_hustle_hex.jpg?v=1711373775"
"Limestone & Sandstone Look;Limestone & Sandstone Look - Architessa","limestone-sandstone-look-limestone-sandstone-look-architessa.jpg","https://cdn.shopify.com/s/files/1/0416/7847/1329/collections/limestone_entrada.jpg?v=1711373775"
"Glass Tile;Glass Tile - Architessa","glass-tile-glass-tile-architessa.webp","https://cdn.shopify.com/s/files/1/0416/7847/1329/collections/install_Tuxedo_Park_Bugle_Blue_Blend_Mosaic_Bathroom_Shower_Hillsdale_NY_1000x_1080x_ac751582-010a-456b-a09f-f516e3832249.webp?v=1711373771"
"Terracotta & Cotto Look;Terracotta & Cotto Look - Architessa","terracotta-cotto-look-terracotta-cotto-look-architessa.jpg","https://cdn.shopify.com/s/files/1/0416/7847/1329/collections/Mediterranean_taza_biscuit_matt_tan_matt_cde10615-9281-4ec3-b502-6195917b6c8f.jpg?v=1711373783"
"Fabric;Fabric - Architessa","fabric-fabric-architessa.jpg","https://cdn.shopify.com/s/files/1/0416/7847/1329/collections/fabric_crash.jpg?v=1711373771"
"Brick Look;","brick-look.jpg","https://cdn.shopify.com/s/files/1/0416/7847/1329/collections/brickworld_soho_cotto_cafe_close_up.jpg?v=1729528227"
"Natural Stone;Natural Stone - Architessa","natural-stone-natural-stone-architessa.webp","https://cdn.shopify.com/s/files/1/0416/7847/1329/collections/235262509217.webp?v=1711373775"
"Polished;","polished.webp","https://cdn.shopify.com/s/files/1/0416/7847/1329/collections/guimardbath.webp?v=1729529334"
"Paint;","paint.png","https://cdn.shopify.com/s/files/1/0416/7847/1329/collections/Gamut.png?v=1742389896"
"Exterior;Exterior - Architessa","exterior-exterior-architessa.png","https://cdn.shopify.com/s/files/1/0416/7847/1329/collections/Exterior_Tile_-_Bluestone.png?v=1711373771"
"Fireplace Surround;Fireplace Surround - Architessa","fireplace-surround-fireplace-surround-architessa.png","https://cdn.shopify.com/s/files/1/0416/7847/1329/collections/Fireplace_Surround_-_Globe.png?v=1711373771"
"Kitchen;","kitchen.jpg","https://cdn.shopify.com/s/files/1/0416/7847/1329/collections/Kitchen.jpg?v=1729527823"
"Kitchen Floor;Kitchen Floor - Architessa","kitchen-floor-kitchen-floor-architessa.png","https://cdn.shopify.com/s/files/1/0416/7847/1329/collections/Kitchen_Floor_Tile_-_Jetty.png?v=1711373771"
"Pavers;Pavers - Architessa","pavers-pavers-architessa.png","https://cdn.shopify.com/s/files/1/0416/7847/1329/collections/7ff542a32d1de5fe007f4f9882b13d83.png?v=1711373775"
"Shower Wall;Shower Wall - Architessa","shower-wall-shower-wall-architessa.png","https://cdn.shopify.com/s/files/1/0416/7847/1329/collections/Shower_Wall_-Kiln_Penny.png?v=1711373779"
"Wall Tile;Wall Tile - Architessa","wall-tile-wall-tile-architessa.png","https://cdn.shopify.com/s/files/1/0416/7847/1329/collections/Seton.png?v=1711373783"
"Wall Only;","wall-only.png","https://cdn.shopify.com/s/files/1/0416/7847/1329/collections/Mississippi_Moire.png?v=1727788034"
"Beige;Beige - Architessa","beige-beige-architessa.png","https://cdn.shopify.com/s/files/1/0416/7847/1329/collections/Beige.png?v=1711373767"
"Brown;Brown - Architessa","brown-brown-architessa.png","https://cdn.shopify.com/s/files/1/0416/7847/1329/collections/Brown.png?v=1711373768"
"Cream;Cream - Architessa","cream-cream-architessa.png","https://cdn.shopify.com/s/files/1/0416/7847/1329/collections/Cream.png?v=1711373771"
"Green;Green - Architessa","green-green-architessa.png","https://cdn.shopify.com/s/files/1/0416/7847/1329/collections/Green.png?v=1711373771"
"Tan;Tan - Architessa","tan-tan-architessa.png","https://cdn.shopify.com/s/files/1/0416/7847/1329/collections/Tan.png?v=1711373783"
"Taupe;Taupe - Architessa","taupe-taupe-architessa.png","https://cdn.shopify.com/s/files/1/0416/7847/1329/collections/Taupe.png?v=1711373783"
"Multicolor;Multicolor - Architessa","multicolor-multicolor-architessa.png","https://cdn.shopify.com/s/files/1/0416/7847/1329/collections/Multicolor.png?v=1711373775"
"12x24;12x24 - Architessa","12x24-12x24-architessa.png","https://cdn.shopify.com/s/files/1/0416/7847/1329/collections/12x24.png?v=1711373766"
"4x6;4x6 - Architessa","4x6-4x6-architessa.jpg","https://cdn.shopify.com/s/files/1/0416/7847/1329/collections/4x6_riviera.jpg?v=1711373766"
"6x36;6x36 - Architessa","6x36-6x36-architessa.jpg","https://cdn.shopify.com/s/files/1/0416/7847/1329/collections/6x36_shale.jpg?v=1711373767"
"8x48;8x48 - Architessa","8x48-8x48-architessa.jpg","https://cdn.shopify.com/s/files/1/0416/7847/1329/collections/8x48_enigma_legno.jpg?v=1711373766"
"12x12;12x12 - Architessa","12x12-12x12-architessa.jpg","https://cdn.shopify.com/s/files/1/0416/7847/1329/collections/12x12_journey.jpg?v=1711373766"
"24x48;24x48 - Architessa","24x48-24x48-architessa.jpg","https://cdn.shopify.com/s/files/1/0416/7847/1329/collections/24x48_palatial.jpg?v=1711373767"
"3x6;3x6 - Architessa","3x6-3x6-architessa.jpg","https://cdn.shopify.com/s/files/1/0416/7847/1329/collections/38bb455ec990e2cad3f55b49420b6a99.jpg?v=1711373768"
"Black;Black - Architessa","black-black-architessa.png","https://cdn.shopify.com/s/files/1/0416/7847/1329/collections/Black.png?v=1711373767"
"Neutrals;","neutrals.jpg","https://cdn.shopify.com/s/files/1/0416/7847/1329/collections/arroyo_beige_parquet_mosaic_90026-rs1.jpg?v=1729529246"
"Designer Collections;Designer Collections - Architessa","designer-collections-designer-collections-architessa.webp","https://cdn.shopify.com/s/files/1/0416/7847/1329/collections/screen_shot_2022-07-18_at_4.49.10_pm_1080x_d8fa71c1-70d0-463a-a37d-5d583f43c31f.webp?v=1711373771"
"Commercial Heavy Traffic;Commercial Heavy Traffic - Architessa","commercial-heavy-traffic-commercial-heavy-traffic-architessa.png","https://cdn.shopify.com/s/files/1/0416/7847/1329/collections/Commercial_Heavy_Traffic_-_Chicago.png?v=1711373768"
"Indoor;","indoor.jpg","https://cdn.shopify.com/s/files/1/0416/7847/1329/collections/PopCultureblackdecoroomwall_1.jpg?v=1742387484"
"Accessories;Accessories - Architessa","accessories-accessories-architessa.png","https://cdn.shopify.com/s/files/1/0416/7847/1329/collections/accessories.png?v=1711373768"
"Lauren Liess;Lauren Liess - Architessa","lauren-liess-lauren-liess-architessa.jpg","https://cdn.shopify.com/s/files/1/0416/7847/1329/collections/4b2e8c36f0e72b51856fb0f0daa24054.jpg?v=1711373775"
"Deco;Deco - Architessa","deco-deco-architessa.png","https://cdn.shopify.com/s/files/1/0416/7847/1329/collections/Black_59b5d84f-5eb8-484a-8130-e81fd69379c8.png?v=1711373771"
"Large Format Tile;Large Format Tile - Architessa","large-format-tile-large-format-tile-architessa.png","https://cdn.shopify.com/s/files/1/0416/7847/1329/collections/bac132436f940ef70fa927aa3f5c55d6.png?v=1711373775"
"All Products;","all-products.png","https://cdn.shopify.com/s/files/1/0416/7847/1329/collections/capsule_sq_flip.png?v=1729529214"
"Luxury Vinyl Plank;Luxury Vinyl Plank - Architessa","luxury-vinyl-plank-luxury-vinyl-plank-architessa.webp","https://cdn.shopify.com/s/files/1/0416/7847/1329/collections/LassenInstallRestaurant_2000x_5a0bcd9a-aaa0-4a2c-abe1-e878e04764b6.webp?v=1711373775"
"Zellige Look;Zellige Look - Architessa","zellige-look-zellige-look-architessa.jpg","https://cdn.shopify.com/s/files/1/0416/7847/1329/collections/zellige_taza_d0102805-3be8-4777-8485-2dcc1fae1b09.jpg?v=1711373783"
"8x8;8x8 - Architessa","8x8-8x8-architessa.jpg","https://cdn.shopify.com/s/files/1/0416/7847/1329/collections/8x8_vibes.jpg?v=1711373768"
"4x4;4x4 - Architessa","4x4-4x4-architessa.jpg","https://cdn.shopify.com/s/files/1/0416/7847/1329/collections/4x4_riviera.jpg?v=1711373768"
"3x12;3x12 - Architessa","3x12-3x12-architessa.jpg","https://cdn.shopify.com/s/files/1/0416/7847/1329/collections/3x12_ellis.jpg?v=1711373767"
"Marble;","marble.jpg","https://cdn.shopify.com/s/files/1/0416/7847/1329/collections/checkerboard_install_3_a0be4b7e-045e-4733-ae19-7efb03a78339.jpg?v=1742389536"
"Natural Stone Slabs;Natural Stone Slabs - Architessa","natural-stone-slabs-natural-stone-slabs-architessa.jpg","https://cdn.shopify.com/s/files/1/0416/7847/1329/collections/slab_elevated.jpg?v=1711373775"
"Commercial Traffic;Commercial Traffic - Architessa","commercial-traffic-commercial-traffic-architessa.png","https://cdn.shopify.com/s/files/1/0416/7847/1329/collections/Commercial_Traffic_-_Charme_Eco.png?v=1711373768"
"MOSA Collections;MOSA Collections - Architessa","mosa-collections-mosa-collections-architessa.webp","https://cdn.shopify.com/s/files/1/0416/7847/1329/collections/Mosa-Terra-Tones-06_2000x_jpg.webp?v=1711373765"
"Terrazzo Look;Terrazzo Look - Architessa","terrazzo-look-terrazzo-look-architessa.jpg","https://cdn.shopify.com/s/files/1/0416/7847/1329/collections/f27263e1953c2d7177abdc91c78ac82b.jpg?v=1711373783"
"Installation Materials;Installation Materials - Architessa","installation-materials-installation-materials-architessa.jpg","https://cdn.shopify.com/s/files/1/0416/7847/1329/collections/a38e4f29ab47a3e10eb414759d26c979.jpg?v=1711373771"
"Grout & Caulk;Grout & Caulk - Architessa","grout-caulk-grout-caulk-architessa.png","https://cdn.shopify.com/s/files/1/0416/7847/1329/collections/grout_caulk.png?v=1711373771"
"Herringbone;Herringbone Tile","herringbone-herringbone-tile.png","https://cdn.shopify.com/s/files/1/0416/7847/1329/collections/Himalaya.png?v=1681242872"
"Penny Round;Penny Round","penny-round-penny-round.png","https://cdn.shopify.com/s/files/1/0416/7847/1329/collections/Method.png?v=1681243337"
"Picket;","picket.jpg","https://cdn.shopify.com/s/files/1/0416/7847/1329/collections/gradientinstallresidentialbathroomsink_greigeglosscrayon.jpg?v=1742388686"
"Organic;","organic.jpg","https://cdn.shopify.com/s/files/1/0416/7847/1329/collections/spindrift_glass_glacier_gloss_shower-wall_rendering_island-stone-1200x792-e5f4572_1200x792_125216ab-720e-4a24-bd9f-563befaaff53.jpg?v=1742388532"
"Specialty Tile;White hexagon marble tile with a bee emblem","specialty-tile-white-hexagon-marble-tile-with-a-bee-emblem.webp","https://cdn.shopify.com/s/files/1/0416/7847/1329/collections/GeometricalHoneycombStaged2_2000x_c71c6dc5-fc65-4457-b977-2045231faa84.webp?v=1682366788"
"All Stock Collections;All Stock Collections - Architessa","all-stock-collections-all-stock-collections-architessa.png","https://cdn.shopify.com/s/files/1/0416/7847/1329/collections/all_stock_-_tangier.png?v=1711373768"
"Cement;Cement - Architessa","cement-cement-architessa.webp","https://cdn.shopify.com/s/files/1/0416/7847/1329/collections/1659517504_1024x1024_2000x_3c8ca33f-fbf8-48ae-a030-0f074b79413f.webp?v=1711373768"
"Bohemian;Bohemian - Architessa","bohemian-bohemian-architessa.jpg","https://cdn.shopify.com/s/files/1/0416/7847/1329/collections/Bohemian_amb_WZ_tahiti_A.jpg?v=1711373767"
"Handmade Look;","handmade-look.png","https://cdn.shopify.com/s/files/1/0416/7847/1329/collections/brazen_twilight.png?v=1742388063"
"Zen;Zen - Architessa","zen-zen-architessa.jpg","https://cdn.shopify.com/s/files/1/0416/7847/1329/collections/zen_osaka.jpg?v=1711373783"
"Art Deco;Art Deco - Architessa","art-deco-art-deco-architessa.jpg","https://cdn.shopify.com/s/files/1/0416/7847/1329/collections/vibes_install_square.jpg?v=1711373767"
"Botanical & Organic;Botanical & Organic - Architessa","botanical-organic-botanical-organic-architessa.jpg","https://cdn.shopify.com/s/files/1/0416/7847/1329/collections/Bohemian_amb_WZ_tahiti_A_d5e687ee-841e-4ff5-bfc1-5eb66f3eb171.jpg?v=1711373767"
"All Interior Floor;All Interior Floor - Architessa","all-interior-floor-all-interior-floor-architessa.png","https://cdn.shopify.com/s/files/1/0416/7847/1329/collections/All_Interior_Floor_Tile_-_Dolomites.png?v=1711373768"
"Bathroom Floor;Bathroom Floor - Architessa","bathroom-floor-bathroom-floor-architessa.png","https://cdn.shopify.com/s/files/1/0416/7847/1329/collections/Bathroom_Floor_-_Manta.png?v=1711373767"
"Covered Patio Tile;Covered Patio Tile - Architessa","covered-patio-tile-covered-patio-tile-architessa.png","https://cdn.shopify.com/s/files/1/0416/7847/1329/collections/Covered_Patio_Tile_-_Frontier20_Deco_Look.png?v=1711373771"
"Feature Wall;Feature Wall - Architessa","feature-wall-feature-wall-architessa.png","https://cdn.shopify.com/s/files/1/0416/7847/1329/collections/Feature_Wall_Tile_-_Metal_Matrix.png?v=1711373771"
"Shower Floor;Shower Floor - Architessa","shower-floor-shower-floor-architessa.png","https://cdn.shopify.com/s/files/1/0416/7847/1329/collections/Shower_Floor_-_Davenport.png?v=1711373779"
"Hexagon;Hexagon","hexagon-hexagon.png","https://cdn.shopify.com/s/files/1/0416/7847/1329/collections/Napoleon.png?v=1681243030"
"Arabesque & Lantern;Arabesque & Lantern - Architessa","arabesque-lantern-arabesque-lantern-architessa.jpg","https://cdn.shopify.com/s/files/1/0416/7847/1329/collections/8d53dd4ce71bab936618cfe3066ca995.jpg?v=1711373768"
"Circle & Oval Tile;","circle-oval-tile.jpg","https://cdn.shopify.com/s/files/1/0416/7847/1329/collections/fanfare_white_circle_wall_3.jpg?v=1742389969"
"Plank;Plank Shaped Tile","plank-plank-shaped-tile.png","https://cdn.shopify.com/s/files/1/0416/7847/1329/collections/Emotion.png?v=1681243496"
"Basketweave & Woven;Basketweave","basketweave-woven-basketweave.png","https://cdn.shopify.com/s/files/1/0416/7847/1329/collections/Align.png?v=1681244739"
"Octagon;Octagon - Architessa","octagon-octagon-architessa.png","https://cdn.shopify.com/s/files/1/0416/7847/1329/collections/RUE_PIERRE_BLANC_ANT_12_OCTAGON.png?v=1711373775"
"Waterjet & Freeform;Waterjet Mosaic","waterjet-freeform-waterjet-mosaic.png","https://cdn.shopify.com/s/files/1/0416/7847/1329/collections/Divine.png?v=1681244496"
"Scallop & Fan;Scallop Fan Tile","scallop-fan-scallop-fan-tile.png","https://cdn.shopify.com/s/files/1/0416/7847/1329/collections/Fanfare.png?v=1681243898"
"Diamond;Diamond - Architessa","diamond-diamond-architessa.png","https://cdn.shopify.com/s/files/1/0416/7847/1329/collections/c144e232a7f7ab494712e5838ab8f186.png?v=1711373771"
"Chevron;Chevron - Architessa","chevron-chevron-architessa.png","https://cdn.shopify.com/s/files/1/0416/7847/1329/collections/c92dc5bed6f044aad38c6c5f131d964f.png?v=1711373768"
"Geometric;Geometric - Architessa","geometric-geometric-architessa.png","https://cdn.shopify.com/s/files/1/0416/7847/1329/collections/9acda50c33990c54564fc88a89cff39f.png?v=1711373771"
"Culturebrick & Linear Tile;Culturebrick & Linear Tile - Architessa","culturebrick-linear-tile-culturebrick-linear-tile-architessa.png","https://cdn.shopify.com/s/files/1/0416/7847/1329/collections/Divergent_-_Linear.png?v=1711373771"
"Brick;Brick Shaped Tile","brick-brick-shaped-tile.png","https://cdn.shopify.com/s/files/1/0416/7847/1329/collections/f521be6c467383f1d821c7e5d956e561.png?v=1681305482"
"Rectangle;Rectangle Shaped Tile","rectangle-rectangle-shaped-tile.png","https://cdn.shopify.com/s/files/1/0416/7847/1329/collections/Beyond.png?v=1681243676"
"Square;Square - Architessa","square-square-architessa.png","https://cdn.shopify.com/s/files/1/0416/7847/1329/collections/Palatial.png?v=1711373779"
"Beveled;Beveled - Architessa","beveled-beveled-architessa.png","https://cdn.shopify.com/s/files/1/0416/7847/1329/collections/Boutique_Sleek.png?v=1711373767"
"All Shapes;","all-shapes.jpg","https://cdn.shopify.com/s/files/1/0416/7847/1329/collections/pure_atlas_point-reyes_inspo.jpg?v=1729529143"
"Residential Light Traffic;","residential-light-traffic.png","https://cdn.shopify.com/s/files/1/0416/7847/1329/collections/checkerboard_teaser_6.png?v=1742390193"
"Commercial Light Traffic;Commercial Light Traffic - Architessa","commercial-light-traffic-commercial-light-traffic-architessa.png","https://cdn.shopify.com/s/files/1/0416/7847/1329/collections/Commercial_Light_Traffic_-_WOW_Cottage.png?v=1711373768"
"Clean & Seal;Clean & Seal - Architessa","clean-seal-clean-seal-architessa.webp","https://cdn.shopify.com/s/files/1/0416/7847/1329/collections/stonetech_stone_tile_cleaner_qgoz_600x_jpg.webp?v=1711373768"
"Modern & Minimalist;","modern-minimalist.png","https://cdn.shopify.com/s/files/1/0416/7847/1329/collections/SLIMWOOD_modern.png?v=1729529072"
"Subway & Brick;Subway & Brick - Architessa","subway-brick-subway-brick-architessa.jpg","https://cdn.shopify.com/s/files/1/0416/7847/1329/collections/subway_hustle_5f48cff6-cfb9-4aae-aaa3-5e96d77e06c7.jpg?v=1711373779"
"Hollywood Regency;Mens dress shoes on black and white mosaic tile","hollywood-regency-mens-dress-shoes-on-black-and-white-mosaic-tile.jpg","https://cdn.shopify.com/s/files/1/0416/7847/1329/collections/Hollywood_Regency_geometric_mosaic.jpg?v=1682368998"
"Craftsman;Craftsman - Architessa","craftsman-craftsman-architessa.webp","https://cdn.shopify.com/s/files/1/0416/7847/1329/collections/craftsman_sequoia.webp?v=1711373771"
"Maximalist;Maximalist - Architessa","maximalist-maximalist-architessa.png","https://cdn.shopify.com/s/files/1/0416/7847/1329/collections/Maximalist.png?v=1711373775"
"Rustic;Rustic - Architessa","rustic-rustic-architessa.jpg","https://cdn.shopify.com/s/files/1/0416/7847/1329/collections/04f57eac5468191d8c1eadbd6c615c05.jpg?v=1711373779"
"Scandinavian;Scandinavian - Architessa","scandinavian-scandinavian-architessa.jpg","https://cdn.shopify.com/s/files/1/0416/7847/1329/collections/scandinavian_sherwood.jpg?v=1711373779"
"Greige;Greige - Architessa","greige-greige-architessa.png","https://cdn.shopify.com/s/files/1/0416/7847/1329/collections/Greige.png?v=1711373771"
"Pool Tile;Pool Tile - Architessa","pool-tile-pool-tile-architessa.png","https://cdn.shopify.com/s/files/1/0416/7847/1329/collections/Pool_Tile_-_Taza.png?v=1711373775"
"Cladding & Facade;Cladding - Architessa","cladding-facade-cladding-architessa.webp","https://cdn.shopify.com/s/files/1/0416/7847/1329/collections/CR1QSRusticCladdingQuartziteSilverStoneExteriorWallPool-min1-min_900x_6b513f7a-1bec-4932-99f3-579611302c5a.webp?v=1711373768"
"USA Made;USA Made - Architessa","usa-made-usa-made-architessa.webp","https://cdn.shopify.com/s/files/1/0416/7847/1329/collections/288112574625.webp?v=1711373783"
"Recycled Content 10;Recycled Content 10 - Architessa","recycled-content-10-recycled-content-10-architessa.jpg","https://cdn.shopify.com/s/files/1/0416/7847/1329/collections/d1c442dc9ac81c726a2d639a38f36a88.jpg?v=1711373779"
"Recycled Content 20;Recycled Content 20 - Architessa","recycled-content-20-recycled-content-20-architessa.jpg","https://cdn.shopify.com/s/files/1/0416/7847/1329/collections/4b2b72c96c5efdd791fc25160f3b4037.jpg?v=1711373779"
"Landscape Architecture;Landscape Architecture - Architessa","landscape-architecture-landscape-architecture-architessa.jpg","https://cdn.shopify.com/s/files/1/0416/7847/1329/collections/4e02df5433a9cd0a8e40e5dd1ba4942a.jpg?v=1711373775"
"Engineered Wood;Engineered Wood - Architessa","engineered-wood-engineered-wood-architessa.jpg","https://cdn.shopify.com/s/files/1/0416/7847/1329/collections/2bf9a0df484d457e8dcad01fee148244.jpg?v=1711373771"
"Pebble Tile;Pebble Tile - Architessa","pebble-tile-pebble-tile-architessa.webp","https://cdn.shopify.com/s/files/1/0416/7847/1329/collections/Perfect-Pebble-Birds-Egg-Blend-184_2000x_df71ba4f-7665-490b-902b-0cbcc20f15ba.webp?v=1711373775"
"Thresholds & Trim;Thresholds & Trim - Architessa","thresholds-trim-thresholds-trim-architessa.png","https://cdn.shopify.com/s/files/1/0416/7847/1329/collections/4229181baf62e72bd78667dd7c8c7185.png?v=1711373783"
"Tools;Tools - Architessa","tools-tools-architessa.png","https://cdn.shopify.com/s/files/1/0416/7847/1329/collections/tools.png?v=1711373783"
"Cove Base;Cove Base - Architessa","cove-base-cove-base-architessa.webp","https://cdn.shopify.com/s/files/1/0416/7847/1329/collections/cove_base_6x12_f4c0bb68-c1c8-4163-a92a-08aff856db23_2000x_png.webp?v=1711373771"
"Stock Natural Stone;Stock Natural Stone - Architessa","stock-natural-stone-stock-natural-stone-architessa.png","https://cdn.shopify.com/s/files/1/0416/7847/1329/collections/stock_natural_stone_blue_tides_portfolio.png?v=1711373779"
"Stock Porcelain;Stock Porcelain - Architessa","stock-porcelain-stock-porcelain-architessa.png","https://cdn.shopify.com/s/files/1/0416/7847/1329/collections/stock_porcelain_artem.png?v=1711373779"
"Stock Ceramic;Stock Ceramic - Architessa","stock-ceramic-stock-ceramic-architessa.png","https://cdn.shopify.com/s/files/1/0416/7847/1329/collections/stock_ceramic_-_basics.png?v=1711373779"
"Stock Sale;Stock Sale - Architessa","stock-sale-stock-sale-architessa.png","https://cdn.shopify.com/s/files/1/0416/7847/1329/collections/stock_sale_-_calacatta_chablis.png?v=1711373779"
"Stock Accessories;Stock Accessories - Architessa","stock-accessories-stock-accessories-architessa.png","https://cdn.shopify.com/s/files/1/0416/7847/1329/collections/stock_accessories_niche.png?v=1711373779"
"Stock Sundries;Stock Sundries - Architessa","stock-sundries-stock-sundries-architessa.png","https://cdn.shopify.com/s/files/1/0416/7847/1329/collections/Learning_Center_porcelain_care_1.png?v=1711373779"
"Stock Specialty;Stock Specialty - Architessa","stock-specialty-stock-specialty-architessa.png","https://cdn.shopify.com/s/files/1/0416/7847/1329/collections/Stock_Specialty_-_terra.png?v=1711373779"
"Stock Glass;Stock Glass - Architessa","stock-glass-stock-glass-architessa.png","https://cdn.shopify.com/s/files/1/0416/7847/1329/collections/Stock_Glass_-_batik.png?v=1711373779"
"Stock Cement;Stock Cement - Architessa","stock-cement-stock-cement-architessa.png","https://cdn.shopify.com/s/files/1/0416/7847/1329/collections/Stock_Cement_-_adorn.png?v=1711373779"
"Stock USA Made;Stock USA Made - Architessa","stock-usa-made-stock-usa-made-architessa.png","https://cdn.shopify.com/s/files/1/0416/7847/1329/collections/stock_USA_made_-_abode.png?v=1711373779"
"Color Body Porcelain;","color-body-porcelain.jpg","https://cdn.shopify.com/s/files/1/0416/7847/1329/collections/tesuque_bianco_assoluto_80x80_majolica_lux_azure_part_bagno_1.jpg?v=1729529023"
"Glazed Porcelain;","glazed-porcelain.jpg","https://cdn.shopify.com/s/files/1/0416/7847/1329/collections/strand-ash-10074_ae165e25-ce54-4682-9660-ffaf626aefbe.jpg?v=1742388322"
"Art & Murals;Art & Murals - Architessa","art-murals-art-murals-architessa.webp","https://cdn.shopify.com/s/files/1/0416/7847/1329/collections/i_Moons_Jazz_Club_Dark_Multi_CUTMWJMOON6DK_1000x_jpg.webp?v=1711373766"
"Cradle to Cradle Certified Collections;Crade to Cradle Certified Collections - Architessa","cradle-to-cradle-certified-collections-crade-to-cradle-certified-collections-architessa.jpg","https://cdn.shopify.com/s/files/1/0416/7847/1329/collections/f9365bf0b0acbde28ecc3601d61ad734.jpg?v=1711373771"
"Recycled Content 40;Recycled Content 40 - Architessa","recycled-content-40-recycled-content-40-architessa.jpg","https://cdn.shopify.com/s/files/1/0416/7847/1329/collections/cbc9c7acc43f5ac9df23240edab0deda.jpg?v=1711373779"
"Porcelain Slabs/Panels;Porcelain Slabs/Panels - Architessa","porcelain-slabs-panels-porcelain-slabs-panels-architessa.jpg","https://cdn.shopify.com/s/files/1/0416/7847/1329/collections/e6062646c3a2c8fd075cfb3e28f07d65.jpg?v=1711373779"
"Parquet;","parquet.jpg","https://cdn.shopify.com/s/files/1/0416/7847/1329/collections/centurywoodinstall2.jpg?v=1742390393"
"Frontier20 All Collections;Frontier20 All Collections - Architessa","frontier20-all-collections-frontier20-all-collections-architessa.webp","https://cdn.shopify.com/s/files/1/0416/7847/1329/collections/FR20ESSENCEGREY_PATIO_1440x_jpg.webp?v=1711373765"
"Checkerboard Tile Collections;Checkerboard Tile Collections - Architessa","checkerboard-tile-collections-checkerboard-tile-collections-architessa.webp","https://cdn.shopify.com/s/files/1/0416/7847/1329/collections/luxury_calacatta_1440x_jpg.webp?v=1711373765"
"Stock Slabs/Panels;Stock Slabs/Panels - Architessa","stock-slabs-panels-stock-slabs-panels-architessa.png","https://cdn.shopify.com/s/files/1/0416/7847/1329/collections/Stock_Slabs_-_elevated.png?v=1711373765"
"Schluter Trim;Schluter Trim - Architessa","schluter-trim-schluter-trim-architessa.png","https://cdn.shopify.com/s/files/1/0416/7847/1329/collections/schluter_trim.png?v=1711373765"
"Ivory;Ivory - Architessa","ivory-ivory-architessa.png","https://cdn.shopify.com/s/files/1/0416/7847/1329/collections/Ivory.png?v=1711373771"
"Pink;Pink - Architessa","pink-pink-architessa.png","https://cdn.shopify.com/s/files/1/0416/7847/1329/collections/Pink.png?v=1711373775"
"Orange;Orange - Architessa","orange-orange-architessa.png","https://cdn.shopify.com/s/files/1/0416/7847/1329/collections/Orange.png?v=1711373775"
"Purple;Purple - Architessa","purple-purple-architessa.png","https://cdn.shopify.com/s/files/1/0416/7847/1329/collections/Purple.png?v=1711373779"
"Silver;Silver","silver-silver.png","https://cdn.shopify.com/s/files/1/0416/7847/1329/collections/Silver.png?v=1681305814"
"Gold;Gold - Architessa","gold-gold-architessa.png","https://cdn.shopify.com/s/files/1/0416/7847/1329/collections/Gold.png?v=1711373771"
"12x24 Porcelain;12x24 Porcelain - Architessa","12x24-porcelain-12x24-porcelain-architessa.webp","https://cdn.shopify.com/s/files/1/0416/7847/1329/collections/Unknown.webp?v=1711373767"
"Multifamily Unit Flooring & Tub Surround;Multifamily Unit Flooring & Tub Surround - Architessa","multifamily-unit-flooring-tub-surround-multifamily-unit-flooring-tub-surround-architessa.jpg","https://cdn.shopify.com/s/files/1/0416/7847/1329/collections/multifamily_floor_portland.jpg?v=1711373775"
"Multifamily Unit Backsplash;Multifamily Unit Backsplash - Architessa","multifamily-unit-backsplash-multifamily-unit-backsplash-architessa.jpg","https://cdn.shopify.com/s/files/1/0416/7847/1329/collections/multifamily_backsplash_metal_matrix.jpg?v=1711373775"
"36x36;","36x36.jpg","https://cdn.shopify.com/s/files/1/0416/7847/1329/collections/mosa-core-collection-terra-blue_239.jpg?v=1742389203"
"24x24;24x24 - Architessa","24x24-24x24-architessa.jpg","https://cdn.shopify.com/s/files/1/0416/7847/1329/collections/24x24_palatial.jpg?v=1711373767"
"DECLARE Certified Collections;DECLARE Certified Collections - Architessa","declare-certified-collections-declare-certified-collections-architessa.webp","https://cdn.shopify.com/s/files/1/0416/7847/1329/collections/Declare-logo-transparent-2_png.webp?v=1711373771"
"Tile Collections with Recycled Content;Tile Collections with Recycled Content - Architessa","tile-collections-with-recycled-content-tile-collections-with-recycled-content-architessa.png","https://cdn.shopify.com/s/files/1/0416/7847/1329/collections/137552b2-2561-4449-8a43-988224085195.png?v=1711373783"
"Greenguard Certified Collections;Greenguard Certified Collections - Architessa","greenguard-certified-collections-greenguard-certified-collections-architessa.png","https://cdn.shopify.com/s/files/1/0416/7847/1329/collections/greenguard.png?v=1711373771"
"HPD & EPD;HPD & EPD - Architessa","hpd-epd-hpd-epd-architessa.png","https://cdn.shopify.com/s/files/1/0416/7847/1329/collections/HPDC-Collaborative2.png?v=1711373772"
"mindful MATERIALS;mindful MATERIALS - Architessa","mindful-materials-mindful-materials-architessa.png","https://cdn.shopify.com/s/files/1/0416/7847/1329/collections/Mindful-logo-Transparentbackground.png?v=1711373775"
"LBC Red List Free Collections;LBC Red List Free Collections - Architessa","lbc-red-list-free-collections-lbc-red-list-free-collections-architessa.png","https://cdn.shopify.com/s/files/1/0416/7847/1329/collections/badge.png?v=1711373775"
"Portobello;Portobello - Architessa","portobello-portobello-architessa.jpg","https://cdn.shopify.com/s/files/1/0416/7847/1329/collections/neotropical_black_mix_20x20_nat_ret_amb_01_webp.jpg?v=1711373779"
"Contractor Collections;Contractor Collections - Architessa","contractor-collections-contractor-collections-architessa.jpg","https://cdn.shopify.com/s/files/1/0416/7847/1329/collections/WALL-SILKandLINEN.jpg?v=1711373771"
"Porcelain Slabs/Panels 6mm;Porcelain Slabs/Panels 6mm - Architessa","porcelain-slabs-panels-6mm-porcelain-slabs-panels-6mm-architessa.jpg","https://cdn.shopify.com/s/files/1/0416/7847/1329/collections/elevated_white_paradise_3_sq.jpg?v=1711373779"
"Porcelain Slabs/Panels 12mm;Porcelain Slabs/Panels 12mm - Architessa","porcelain-slabs-panels-12mm-porcelain-slabs-panels-12mm-architessa.jpg","https://cdn.shopify.com/s/files/1/0416/7847/1329/collections/ElevatedCalacattaGoldinstall2.jpg?v=1711373779"
"6x6;","6x6.jpg","https://cdn.shopify.com/s/files/1/0416/7847/1329/collections/loopline_arco-off-white-mt-15_5x15_5cm-foto-taito-estudio-producao-debbie-apsan-amb03.jpg?v=1742387656"
"USA Made Contract Pricing;USA Made Contract Pricing - Architessa","usa-made-contract-pricing-usa-made-contract-pricing-architessa.jpg","https://cdn.shopify.com/s/files/1/0416/7847/1329/collections/landmark-contract-catalog2018-14.jpg?v=1711373783"
"Retro;","retro.jpg","https://cdn.shopify.com/s/files/1/0416/7847/1329/collections/decade_install_square_blue.jpg?v=1742387217"
"Vintage;","vintage.jpg","https://cdn.shopify.com/s/files/1/0416/7847/1329/collections/boweri_bathroom_foresta.jpg?v=1742387800"
"Fluted;","fluted.jpg","https://cdn.shopify.com/s/files/1/0416/7847/1329/collections/install_Pinnacle_Fete_China_Black_SPINFETE_Bar_webp.jpg?v=1714600673"
"Wood Slat Tile;","wood-slat-tile.jpg","https://cdn.shopify.com/s/files/1/0416/7847/1329/collections/plumb_panels_install_oak_slat_natural_30x120_e38b0212-1a67-4b86-8509-6b2ea0ddde2a.jpg?v=1714602173"
"Terracotta Tile;","terracotta-tile.png","https://cdn.shopify.com/s/files/1/0416/7847/1329/collections/Habitat_terra_sq.png?v=1730321032"
"Zellige Tile & Bejmat Tile;","zellige-tile-bejmat-tile.jpg","https://cdn.shopify.com/s/files/1/0416/7847/1329/collections/tangier_classic_4x4_fez_white_gloss.jpg?v=1730325016"
"Top Sampled Tiles 2024;","top-sampled-tiles-2024.jpg","https://cdn.shopify.com/s/files/1/0416/7847/1329/collections/pastelaria-velvet-graffi-10260.jpg?v=1733848398"
"Sweet Color Pairings;","sweet-color-pairings.jpg","https://cdn.shopify.com/s/files/1/0416/7847/1329/collections/architessa_pembrooke_rouge.jpg?v=1742389461"
"Quick Ship Lead Time;","quick-ship-lead-time.jpg","https://cdn.shopify.com/s/files/1/0416/7847/1329/collections/alto_ligne_fumee_closeup_scene_ce2dd205-8644-468d-9513-d77ad371ac36.jpg?v=1742387751"
"Ultimate 2.0;","ultimate-2-0.jpg","https://cdn.shopify.com/s/files/1/0416/7847/1329/files/Ultimate2.0-perla_ocean_storm-_-_-2412-amb4-bathroom.jpg?v=1749762756"
"Collins Special Order;","collins-special-order.jpg","https://cdn.shopify.com/s/files/1/0416/7847/1329/files/CollinsEsmeBeaconBurgundyHonedNaturalStoneMosaic_Lifestyle_CAM_02.jpg?v=1733774509"
"Alchemy;","alchemy.jpg","https://cdn.shopify.com/s/files/1/0416/7847/1329/files/alchemy_darkgrey_60x120_amb_camera.jpg?v=1749762756"
"24x48 Opaline Oro Stream Natural Rectified Wall Deco (12x24 Cut Sample Size);12x24 Opaline Oro Natural Rectified Field Tile (4x4 Cut Sample Size) - Architessa","24x48-opaline-oro-stream-natural-rectified-wall-deco-12x24-cut-sample-size-12x24-opaline-oro-natural.png","https://cdn.shopify.com/s/files/1/0416/7847/1329/products/sampleboxicon_1eae8e23-80b1-42b0-baa0-b06529a884ba.png?v=1694552439"
"Blanche;","blanche.png","https://cdn.shopify.com/s/files/1/0416/7847/1329/files/blanche_bath_room.png?v=1737144420"
"Pop Culture;","pop-culture.jpg","https://cdn.shopify.com/s/files/1/0416/7847/1329/files/PopCultureblackdecoroomwall_1.jpg?v=1739195856"
"Beacon;","beacon.jpg","https://cdn.shopify.com/s/files/1/0416/7847/1329/files/beacon-evoke-calico-g-art-glass-install.jpg?v=1736533136"
"Palazzo;","palazzo.png","https://cdn.shopify.com/s/files/1/0416/7847/1329/files/PalazzoViolawallsq.png?v=1736948859"
"Element;","element.jpg","https://cdn.shopify.com/s/files/1/0416/7847/1329/files/element_color_liner_layout-3.jpg?v=1737411148"
"Bluestone;","bluestone.jpg","https://cdn.shopify.com/s/files/1/0416/7847/1329/files/bluestone_lounge-hotel-restaurant_p2_lr_rgb.jpg?v=1749762755"
"Trifecta;","trifecta.jpg","https://cdn.shopify.com/s/files/1/0416/7847/1329/files/trifecta_rust_ctr-le23-apr010-1a_7.jpg?v=1741376636"
"Blok;","blok.jpg","https://cdn.shopify.com/s/files/1/0416/7847/1329/files/blok_blue_sink.jpg?v=1749762680"
"Modhaus;","modhaus.png","https://cdn.shopify.com/s/files/1/0416/7847/1329/files/modhaus_celeste_bars_backsplash.png?v=1749762690"
"Fitz;","fitz.png","https://cdn.shopify.com/s/files/1/0416/7847/1329/files/FitzTetrisOurowall.png?v=1738601341"
"Loopline;","loopline.jpg","https://cdn.shopify.com/s/files/1/0416/7847/1329/files/loopline_arco-off-white-mt-15_5x15_5cm-foto-taito-estudio-producao-debbie-apsan-amb03.jpg?v=1741376616"
"Hues Colors;","hues-colors.jpg","https://cdn.shopify.com/s/files/1/0416/7847/1329/files/HuesInstallSky.jpg?v=1742397352"
"Pre-Fab Emerge;","pre-fab-emerge.jpg","https://cdn.shopify.com/s/files/1/0416/7847/1329/files/prefab_emerge_glacier_pearl_bathroom-0683.jpg?v=1749762677"
"Horizon;","horizon.jpg","https://cdn.shopify.com/s/files/1/0416/7847/1329/files/horizon_room_scene_platinum.jpg?v=1742922846"
"Peppy Bejmat;","peppy-bejmat.png","https://cdn.shopify.com/s/files/1/0416/7847/1329/files/peppy_bluebelle_1.png?v=1743600513"
"Peppy;","peppy.png","https://cdn.shopify.com/s/files/1/0416/7847/1329/files/peppy_starry_sky_de96823a-f4a8-43f0-8138-48aec5076276.png?v=1743625252"
"Sapienstone;","sapienstone.jpg","https://cdn.shopify.com/s/files/1/0416/7847/1329/files/sapienstone_white_calacatta-_-_-_-amb5-kitchen.jpg?v=1745953403"
"Pop Culture Floor;","pop-culture-floor.jpg","https://cdn.shopify.com/s/files/1/0416/7847/1329/files/PopCultureChessQueen1PCUPB_WCQU8MA_2.jpg?v=1749762682"
"Reed;","reed.jpg","https://cdn.shopify.com/s/files/1/0416/7847/1329/files/reed_imbrunito_20x120_elements_lombarda_sabbia_60x120_amb_bagno.jpg?v=1749762652"
"Shiori;","shiori.jpg","https://cdn.shopify.com/s/files/1/0416/7847/1329/files/shiori_wall_tile_and_origami_deco_marine.jpg?v=1744736341"
"Vermillion;","vermillion.jpg","https://cdn.shopify.com/s/files/1/0416/7847/1329/files/VermillionRoomScene_2.jpg?v=1749762652"
"Brompton;","brompton.jpg","https://cdn.shopify.com/s/files/1/0416/7847/1329/files/Brompton.jpg?v=1746021965"
"Sakura;","sakura.jpg","https://cdn.shopify.com/s/files/1/0416/7847/1329/files/sakura_dolomiti_sakura_falls_ssakbdmh_1000x_dc43e74f-4049-4281-a25a-c3f51688a7f9.jpg?v=1744902886"
"Ro;","ro.jpg","https://cdn.shopify.com/s/files/1/0416/7847/1329/files/ro-origami-stillness-inspo_22c4c190-2f38-434f-8ce1-6bbf27f4cd9d.jpg?v=1749762574"
"Trail;","trail.webp","https://cdn.shopify.com/s/files/1/0416/7847/1329/files/trail_02_ristorante-con-lounge_beige.webp?v=1749762565"
"Abbey Road;","abbey-road.jpg","https://cdn.shopify.com/s/files/1/0416/7847/1329/files/abbey_road_nero_veronese_nero_01_sabbyneromh_yveroblkh24_1000x_33e19827-505c-4516-a7d4-353529cc300b.jpg?v=1747923980"
"Regency;","regency.jpg","https://cdn.shopify.com/s/files/1/0416/7847/1329/files/regency-4x8-antiqued-bronze-c-install-web.jpg?v=1748380049"
"Base;","base.jpg","https://cdn.shopify.com/s/files/1/0416/7847/1329/files/base_room_scenes.jpg?v=1749576251"
"Oxford Brick;","oxford-brick.png","https://cdn.shopify.com/s/files/1/0416/7847/1329/files/RD-OxfordBrick-Fog-RoomScene.png?v=1749762565"
"Atelier;","atelier.jpg","https://cdn.shopify.com/s/files/1/0416/7847/1329/files/LMK_Atelier_Flute_Spirit_Elegant_Oak_Dining_HR_web_8ef9a05a-6a54-4895-8e59-71d1802bb7bb.jpg?v=1749762565"
"Medina;","medina.jpg","https://cdn.shopify.com/s/files/1/0416/7847/1329/files/medina_bianco_perlino_backsplash_2.jpg?v=1748537630"
"Siena Stone;","siena-stone.jpg","https://cdn.shopify.com/s/files/1/0416/7847/1329/files/lmk_contract_25_siena_sand_12x24-web_9e35e316-2295-43f1-8c6a-4327d616fc01.jpg?v=1749762565"
"Glossia;","glossia.png","https://cdn.shopify.com/s/files/1/0416/7847/1329/files/glossia_blue_3x24_2025-06-17_at_1.03.15_pm.png?v=1750180297"
"Jenga;","jenga.jpg","https://cdn.shopify.com/s/files/1/0416/7847/1329/files/JengaPlaywoodPureOak20x120Brick5x30TDMPureOnyxBlackAmbCucina.jpg.1920x1080_q75_crop.jpg?v=1750176271"
"Meld;","meld.jpg","https://cdn.shopify.com/s/files/1/0416/7847/1329/files/meld_fendi_2.5x9_glossy_pressed_pba_cookville2003.jpg?v=1750174194"
"Zink;","zink.jpg","https://cdn.shopify.com/s/files/1/0416/7847/1329/files/zink_raya_aqua_blend_raya.jpg?v=1751308494"
"Quadria;","quadria.jpg","https://cdn.shopify.com/s/files/1/0416/7847/1329/files/quadria_install_carrara_lovina_grey.jpg?v=1751899354"
"Octavia;","octavia.jpg","https://cdn.shopify.com/s/files/1/0416/7847/1329/files/Octaviainstallafyonwhiteandbellini.jpg?v=1751463295"
"12x24 Clermont Ondule Blue Glossy Rectified Wall Tile - 204685E;","12x24-clermont-ondule-blue-glossy-rectified-wall-tile-204685e.png","https://cdn.shopify.com/s/files/1/0416/7847/1329/files/sample_box_icon_2a6f9f9d-2b22-4ec6-a213-e4d67a02f86c.png?v=1714076875"
"12x24 Clermont Ondul Vert Glossy Rectified Wall Tile - 204686E;","12x24-clermont-ondul-vert-glossy-rectified-wall-tile-204686e.png","https://cdn.shopify.com/s/files/1/0416/7847/1329/files/sample_box_icon_2a6f9f9d-2b22-4ec6-a213-e4d67a02f86c.png?v=1714076875"
"Adena By Lori Weitzner;","adena-by-lori-weitzner.webp","https://cdn.shopify.com/s/files/1/0416/7847/1329/files/adena_blue_blend_calacatta_gold_bathroom_crop_1000x_0cc42ed6-a771-47d7-8727-3f50eb286353.webp?v=1752693202"
"Mina;","mina.jpg","https://cdn.shopify.com/s/files/1/0416/7847/1329/files/mina_12x12-v1.jpg?v=1752788711"
"Median;","median.jpg","https://cdn.shopify.com/s/files/1/0416/7847/1329/files/MEDIAN2x2BGWhiteDot_SeattleCinzaUP24x48.jpg?v=1754505386"
"Pitch;","pitch.jpg","https://cdn.shopify.com/s/files/1/0416/7847/1329/files/PITCHWHITEPICKETMOSAIC30x30.jpg?v=1753982358"
"Rin;","rin.jpg","https://cdn.shopify.com/s/files/1/0416/7847/1329/files/Rinkitchen.jpg?v=1757086061"
"Patch;","patch.jpg","https://cdn.shopify.com/s/files/1/0416/7847/1329/files/patch_bedroom_close_up_6.5in_star_clm50_dusty_rose_5in_cross_clm100_burnt_umber.jpg?v=1755273443"
"Beton;","beton.jpg","https://cdn.shopify.com/s/files/1/0416/7847/1329/files/productgroupcolor_6344_pba_amb3d_208940_e_beton_platina_elementar_18x48_mate_ret_208891_e_beton_platina_st_48x48_nat_ret_cena_08.jpg?v=1755610526"
"Fractura;","fractura.jpg","https://cdn.shopify.com/s/files/1/0416/7847/1329/files/fractura_guell_rila_2.jpg?v=1755607455"
"Suede;","suede.jpg","https://cdn.shopify.com/s/files/1/0416/7847/1329/files/suede_green_white_bath.jpg?v=1755278273"
"Dyad;","dyad.jpg","https://cdn.shopify.com/s/files/1/0416/7847/1329/files/DYADPAVOFRENCHVANILLA_H_WITHODEONBEIGE_H_2.jpg?v=1757355570"
"Pisces;","pisces.png","https://cdn.shopify.com/s/files/1/0416/7847/1329/files/pisces_calacatta_room_scene_pm.png?v=1758229675"
"Ceramic;Ceramic - Architessa","ceramic-ceramic-architessa.webp","https://cdn.shopify.com/s/files/1/0416/7847/1329/collections/233593929889.webp?v=1711373768"
"Encaustic Look;Encaustic Look - Architessa","encaustic-look-encaustic-look-architessa.jpg","https://cdn.shopify.com/s/files/1/0416/7847/1329/collections/encaustic_florence.jpg?v=1711373771"
"Porcelain;A bathroom with blue Currents tiles installed","porcelain-a-bathroom-with-blue-currents-tiles-installed.webp","https://cdn.shopify.com/s/files/1/0416/7847/1329/collections/233768976545.webp?v=1682366478"
"Pattern;Pattern - Architessa","pattern-pattern-architessa.jpg","https://cdn.shopify.com/s/files/1/0416/7847/1329/collections/pattern_braga.jpg?v=1711373775"
"Stone Look;Stone Look - Architessa","stone-look-stone-look-architessa.jpg","https://cdn.shopify.com/s/files/1/0416/7847/1329/collections/stone_look_currents.jpg?v=1711373779"
"Dimensional 3D;Dimensional 3D - Architessa","dimensional-3d-dimensional-3d-architessa.jpg","https://cdn.shopify.com/s/files/1/0416/7847/1329/collections/3d_boho.jpg?v=1711373771"
"Wood Look;Wood Look - Architessa","wood-look-wood-look-architessa.jpg","https://cdn.shopify.com/s/files/1/0416/7847/1329/collections/wood_look_love_affairs.jpg?v=1711373783"
"Subway Tile;Subway Tile - Architessa","subway-tile-subway-tile-architessa.jpg","https://cdn.shopify.com/s/files/1/0416/7847/1329/collections/subway_hustle.jpg?v=1711373779"
"Just In;Just In - Architessa","just-in-just-in-architessa.png","https://cdn.shopify.com/s/files/1/0416/7847/1329/collections/Just_in_Cache.png?v=1738594519"
"New Arrivals;New for 2024 - Architessa","new-arrivals-new-for-2024-architessa.png","https://cdn.shopify.com/s/files/1/0416/7847/1329/collections/new_for_2023_-_meriba.png?v=1711373765"
"Coastal;Coastal - Architessa","coastal-coastal-architessa.jpg","https://cdn.shopify.com/s/files/1/0416/7847/1329/collections/Coastal_prime_blue.jpg?v=1711373766"
"Contemporary;Contemporary - Architessa","contemporary-contemporary-architessa.jpg","https://cdn.shopify.com/s/files/1/0416/7847/1329/collections/1bc9a7f25abd2400a98328e2585184f0.jpg?v=1711373771"
"Industrial;Industrial - Architessa","industrial-industrial-architessa.jpg","https://cdn.shopify.com/s/files/1/0416/7847/1329/collections/Industrial_diesel_industrial_glass.jpg?v=1711373771"
"Global Fusion;Global Fusion - Architessa","global-fusion-global-fusion-architessa.jpg","https://cdn.shopify.com/s/files/1/0416/7847/1329/collections/Global_Fusion_Palms_Midnight_Matte_KitchenBacksplash.jpg?v=1711373771"
"Mediterranean;Mediterranean - Architessa","mediterranean-mediterranean-architessa.jpg","https://cdn.shopify.com/s/files/1/0416/7847/1329/collections/Mediterranean_taza_biscuit_matt_tan_matt.jpg?v=1711373775"
"Mid-Century Modern;Mid-Century Modern - Architessa","mid-century-modern-mid-century-modern-architessa.png","https://cdn.shopify.com/s/files/1/0416/7847/1329/collections/mid-century_modern_baywood.png?v=1711373775"
"Minimalist;Minimalist - Architessa","minimalist-minimalist-architessa.webp","https://cdn.shopify.com/s/files/1/0416/7847/1329/collections/illusion_install_4_900x_fddcec30-7b26-4832-bd44-78127e167211.webp?v=1711373775"
"Modern;Modern - Architessa","modern-modern-architessa.jpg","https://cdn.shopify.com/s/files/1/0416/7847/1329/collections/modern_diesel_fence.jpg?v=1711373775"
"Outdoor Tile;Outdoor Tile - Architessa","outdoor-tile-outdoor-tile-architessa.jpg","https://cdn.shopify.com/s/files/1/0416/7847/1329/collections/8a44f6a61ab95eb3879a7b68945666eb.jpg?v=1711373775"
"Traditional;Traditional - Architessa","traditional-traditional-architessa.jpg","https://cdn.shopify.com/s/files/1/0416/7847/1329/collections/traditional_prime.jpg?v=1711373783"
"Transitional;Transitional - Architessa","transitional-transitional-architessa.jpg","https://cdn.shopify.com/s/files/1/0416/7847/1329/collections/transitional_terra_rones.jpg?v=1711373783"
"Retro Vintage;Retro Vintage - Architessa","retro-vintage-retro-vintage-architessa.jpg","https://cdn.shopify.com/s/files/1/0416/7847/1329/collections/retro_flora_cement.jpg?v=1711373779"
"Directional;Directional - Architessa","directional-directional-architessa.jpg","https://cdn.shopify.com/s/files/1/0416/7847/1329/collections/directional_genesis.jpg?v=1711373771"
"Field Tile;","field-tile.jpg","https://cdn.shopify.com/s/files/1/0416/7847/1329/collections/metal_matrix_install_gun_metal_floor.jpg?v=1742388249"
"Mosaic;Mosaic - Architessa","mosaic-mosaic-architessa.png","https://cdn.shopify.com/s/files/1/0416/7847/1329/collections/8bcd28584f8d30c1e198f1def4bbcd10.png?v=1711373775"
"White;White - Architessa","white-white-architessa.png","https://cdn.shopify.com/s/files/1/0416/7847/1329/collections/White.png?v=1711373783"
"Grey;Grey - Architessa","grey-grey-architessa.png","https://cdn.shopify.com/s/files/1/0416/7847/1329/collections/Grey.png?v=1711373771"
"Red;Red - Architessa","red-red-architessa.png","https://cdn.shopify.com/s/files/1/0416/7847/1329/collections/Red.png?v=1711373779"
"Blue;Blue - Architessa","blue-blue-architessa.png","https://cdn.shopify.com/s/files/1/0416/7847/1329/collections/Blue.png?v=1711373766"
"Yellow;Yellow - Architessa","yellow-yellow-architessa.png","https://cdn.shopify.com/s/files/1/0416/7847/1329/collections/Yellow.png?v=1711373783"
"Concrete Look;","concrete-look.jpg","https://cdn.shopify.com/s/files/1/0416/7847/1329/collections/strand-ash-10074.jpg?v=1729529280"
"Farmhouse;Farmhouse - Architessa","farmhouse-farmhouse-architessa.jpg","https://cdn.shopify.com/s/files/1/0416/7847/1329/collections/farmhouse_Wow_love_affairs.jpg?v=1711373771"
"Waterjet;","waterjet.jpg","https://cdn.shopify.com/s/files/1/0416/7847/1329/collections/kaleidoscope_cube_web.jpg?v=1742390663"
"Travertine Look;Travertine Look - Architessa","travertine-look-travertine-look-architessa.jpg","https://cdn.shopify.com/s/files/1/0416/7847/1329/collections/travertine_fr20.jpg?v=1711373783"
"Backsplash;Backsplash - Architessa","backsplash-backsplash-architessa.png","https://cdn.shopify.com/s/files/1/0416/7847/1329/collections/Backsplash_Tile_-_Overlook.png?v=1711373766"
"Resin;","resin.png","https://cdn.shopify.com/s/files/1/0416/7847/1329/collections/seton_petrolio_amaranto.png?v=1742390927"
"Textured Look;","textured-look.jpg","https://cdn.shopify.com/s/files/1/0416/7847/1329/collections/Luna-Splitface-and-Stone-Tiles-web.jpg?v=1729529434"
"Slate Look;","slate-look.jpg","https://cdn.shopify.com/s/files/1/0416/7847/1329/collections/atlas_slate_black_nat_mosaico_particolare_bagno.jpg?v=1742389701"
"Marble Look;Marble Look - Architessa","marble-look-marble-look-architessa.jpg","https://cdn.shopify.com/s/files/1/0416/7847/1329/collections/marble_look_art_house_rel.jpg?v=1711373775"
"Metallic Look;Metallic Look - Architessa","metallic-look-metallic-look-architessa.png","https://cdn.shopify.com/s/files/1/0416/7847/1329/collections/Metallic_05067d27-8f4c-4ed9-be03-19198fe80960.png?v=1711373775"
"Monochromatic;Monochromatic - Architessa","monochromatic-monochromatic-architessa.jpg","https://cdn.shopify.com/s/files/1/0416/7847/1329/collections/monochromatic_hustle_hex.jpg?v=1711373775"
"Limestone Sandstone Look;Limestone Sandstone Look - Architessa","limestone-sandstone-look-limestone-sandstone-look-architessa.jpg","https://cdn.shopify.com/s/files/1/0416/7847/1329/collections/limestone_entrada.jpg?v=1711373775"
"Glass Tile;Glass Tile - Architessa","glass-tile-glass-tile-architessa.webp","https://cdn.shopify.com/s/files/1/0416/7847/1329/collections/install_Tuxedo_Park_Bugle_Blue_Blend_Mosaic_Bathroom_Shower_Hillsdale_NY_1000x_1080x_ac751582-010a-456b-a09f-f516e3832249.webp?v=1711373771"
"Terracotta Cotto Look;Terracotta Cotto Look - Architessa","terracotta-cotto-look-terracotta-cotto-look-architessa.jpg","https://cdn.shopify.com/s/files/1/0416/7847/1329/collections/Mediterranean_taza_biscuit_matt_tan_matt_cde10615-9281-4ec3-b502-6195917b6c8f.jpg?v=1711373783"
"Fabric;Fabric - Architessa","fabric-fabric-architessa.jpg","https://cdn.shopify.com/s/files/1/0416/7847/1329/collections/fabric_crash.jpg?v=1711373771"
"Brick Look;","brick-look.jpg","https://cdn.shopify.com/s/files/1/0416/7847/1329/collections/brickworld_soho_cotto_cafe_close_up.jpg?v=1729528227"
"Natural Stone;Natural Stone - Architessa","natural-stone-natural-stone-architessa.webp","https://cdn.shopify.com/s/files/1/0416/7847/1329/collections/235262509217.webp?v=1711373775"
"Polished;","polished.webp","https://cdn.shopify.com/s/files/1/0416/7847/1329/collections/guimardbath.webp?v=1729529334"
"Paint;","paint.png","https://cdn.shopify.com/s/files/1/0416/7847/1329/collections/Gamut.png?v=1742389896"
"Exterior;Exterior - Architessa","exterior-exterior-architessa.png","https://cdn.shopify.com/s/files/1/0416/7847/1329/collections/Exterior_Tile_-_Bluestone.png?v=1711373771"
"Fireplace Surround;Fireplace Surround - Architessa","fireplace-surround-fireplace-surround-architessa.png","https://cdn.shopify.com/s/files/1/0416/7847/1329/collections/Fireplace_Surround_-_Globe.png?v=1711373771"
"Kitchen;","kitchen.jpg","https://cdn.shopify.com/s/files/1/0416/7847/1329/collections/Kitchen.jpg?v=1729527823"
"Kitchen Floor;Kitchen Floor - Architessa","kitchen-floor-kitchen-floor-architessa.png","https://cdn.shopify.com/s/files/1/0416/7847/1329/collections/Kitchen_Floor_Tile_-_Jetty.png?v=1711373771"
"Pavers;Pavers - Architessa","pavers-pavers-architessa.png","https://cdn.shopify.com/s/files/1/0416/7847/1329/collections/7ff542a32d1de5fe007f4f9882b13d83.png?v=1711373775"
"Shower Wall;Shower Wall - Architessa","shower-wall-shower-wall-architessa.png","https://cdn.shopify.com/s/files/1/0416/7847/1329/collections/Shower_Wall_-Kiln_Penny.png?v=1711373779"
"Wall Tile;Wall Tile - Architessa","wall-tile-wall-tile-architessa.png","https://cdn.shopify.com/s/files/1/0416/7847/1329/collections/Seton.png?v=1711373783"
"Wall Only;","wall-only.png","https://cdn.shopify.com/s/files/1/0416/7847/1329/collections/Mississippi_Moire.png?v=1727788034"
"Beige;Beige - Architessa","beige-beige-architessa.png","https://cdn.shopify.com/s/files/1/0416/7847/1329/collections/Beige.png?v=1711373767"
"Brown;Brown - Architessa","brown-brown-architessa.png","https://cdn.shopify.com/s/files/1/0416/7847/1329/collections/Brown.png?v=1711373768"
"Cream;Cream - Architessa","cream-cream-architessa.png","https://cdn.shopify.com/s/files/1/0416/7847/1329/collections/Cream.png?v=1711373771"
"Green;Green - Architessa","green-green-architessa.png","https://cdn.shopify.com/s/files/1/0416/7847/1329/collections/Green.png?v=1711373771"
"Tan;Tan - Architessa","tan-tan-architessa.png","https://cdn.shopify.com/s/files/1/0416/7847/1329/collections/Tan.png?v=1711373783"
"Taupe;Taupe - Architessa","taupe-taupe-architessa.png","https://cdn.shopify.com/s/files/1/0416/7847/1329/collections/Taupe.png?v=1711373783"
"Multicolor;Multicolor - Architessa","multicolor-multicolor-architessa.png","https://cdn.shopify.com/s/files/1/0416/7847/1329/collections/Multicolor.png?v=1711373775"
"12x24;12x24 - Architessa","12x24-12x24-architessa.png","https://cdn.shopify.com/s/files/1/0416/7847/1329/collections/12x24.png?v=1711373766"
"4x6;4x6 - Architessa","4x6-4x6-architessa.jpg","https://cdn.shopify.com/s/files/1/0416/7847/1329/collections/4x6_riviera.jpg?v=1711373766"
"6x36;6x36 - Architessa","6x36-6x36-architessa.jpg","https://cdn.shopify.com/s/files/1/0416/7847/1329/collections/6x36_shale.jpg?v=1711373767"
"8x48;8x48 - Architessa","8x48-8x48-architessa.jpg","https://cdn.shopify.com/s/files/1/0416/7847/1329/collections/8x48_enigma_legno.jpg?v=1711373766"
"12x12;12x12 - Architessa","12x12-12x12-architessa.jpg","https://cdn.shopify.com/s/files/1/0416/7847/1329/collections/12x12_journey.jpg?v=1711373766"
"24x48;24x48 - Architessa","24x48-24x48-architessa.jpg","https://cdn.shopify.com/s/files/1/0416/7847/1329/collections/24x48_palatial.jpg?v=1711373767"
"3x6;3x6 - Architessa","3x6-3x6-architessa.jpg","https://cdn.shopify.com/s/files/1/0416/7847/1329/collections/38bb455ec990e2cad3f55b49420b6a99.jpg?v=1711373768"
"Black;Black - Architessa","black-black-architessa.png","https://cdn.shopify.com/s/files/1/0416/7847/1329/collections/Black.png?v=1711373767"
"Neutrals;","neutrals.jpg","https://cdn.shopify.com/s/files/1/0416/7847/1329/collections/arroyo_beige_parquet_mosaic_90026-rs1.jpg?v=1729529246"
"Designer Collections;Designer Collections - Architessa","designer-collections-designer-collections-architessa.webp","https://cdn.shopify.com/s/files/1/0416/7847/1329/collections/screen_shot_2022-07-18_at_4.49.10_pm_1080x_d8fa71c1-70d0-463a-a37d-5d583f43c31f.webp?v=1711373771"
"Commercial Heavy Traffic;Commercial Heavy Traffic - Architessa","commercial-heavy-traffic-commercial-heavy-traffic-architessa.png","https://cdn.shopify.com/s/files/1/0416/7847/1329/collections/Commercial_Heavy_Traffic_-_Chicago.png?v=1711373768"
"Indoor;","indoor.jpg","https://cdn.shopify.com/s/files/1/0416/7847/1329/collections/PopCultureblackdecoroomwall_1.jpg?v=1742387484"
"Accessories;Accessories - Architessa","accessories-accessories-architessa.png","https://cdn.shopify.com/s/files/1/0416/7847/1329/collections/accessories.png?v=1711373768"
"Lauren Liess;Lauren Liess - Architessa","lauren-liess-lauren-liess-architessa.jpg","https://cdn.shopify.com/s/files/1/0416/7847/1329/collections/4b2e8c36f0e72b51856fb0f0daa24054.jpg?v=1711373775"
"Deco;Deco - Architessa","deco-deco-architessa.png","https://cdn.shopify.com/s/files/1/0416/7847/1329/collections/Black_59b5d84f-5eb8-484a-8130-e81fd69379c8.png?v=1711373771"
"Large Format Tile;Large Format Tile - Architessa","large-format-tile-large-format-tile-architessa.png","https://cdn.shopify.com/s/files/1/0416/7847/1329/collections/bac132436f940ef70fa927aa3f5c55d6.png?v=1711373775"
"All Products;","all-products.png","https://cdn.shopify.com/s/files/1/0416/7847/1329/collections/capsule_sq_flip.png?v=1729529214"
"Luxury Vinyl Plank;Luxury Vinyl Plank - Architessa","luxury-vinyl-plank-luxury-vinyl-plank-architessa.webp","https://cdn.shopify.com/s/files/1/0416/7847/1329/collections/LassenInstallRestaurant_2000x_5a0bcd9a-aaa0-4a2c-abe1-e878e04764b6.webp?v=1711373775"
"Zellige Look;Zellige Look - Architessa","zellige-look-zellige-look-architessa.jpg","https://cdn.shopify.com/s/files/1/0416/7847/1329/collections/zellige_taza_d0102805-3be8-4777-8485-2dcc1fae1b09.jpg?v=1711373783"
"8x8;8x8 - Architessa","8x8-8x8-architessa.jpg","https://cdn.shopify.com/s/files/1/0416/7847/1329/collections/8x8_vibes.jpg?v=1711373768"
"4x4;4x4 - Architessa","4x4-4x4-architessa.jpg","https://cdn.shopify.com/s/files/1/0416/7847/1329/collections/4x4_riviera.jpg?v=1711373768"
"3x12;3x12 - Architessa","3x12-3x12-architessa.jpg","https://cdn.shopify.com/s/files/1/0416/7847/1329/collections/3x12_ellis.jpg?v=1711373767"
"Marble;","marble.jpg","https://cdn.shopify.com/s/files/1/0416/7847/1329/collections/checkerboard_install_3_a0be4b7e-045e-4733-ae19-7efb03a78339.jpg?v=1742389536"
"Natural Stone Slabs;Natural Stone Slabs - Architessa","natural-stone-slabs-natural-stone-slabs-architessa.jpg","https://cdn.shopify.com/s/files/1/0416/7847/1329/collections/slab_elevated.jpg?v=1711373775"
"Commercial Traffic;Commercial Traffic - Architessa","commercial-traffic-commercial-traffic-architessa.png","https://cdn.shopify.com/s/files/1/0416/7847/1329/collections/Commercial_Traffic_-_Charme_Eco.png?v=1711373768"
"MOSA Collections;MOSA Collections - Architessa","mosa-collections-mosa-collections-architessa.webp","https://cdn.shopify.com/s/files/1/0416/7847/1329/collections/Mosa-Terra-Tones-06_2000x_jpg.webp?v=1711373765"
"Terrazzo Look;Terrazzo Look - Architessa","terrazzo-look-terrazzo-look-architessa.jpg","https://cdn.shopify.com/s/files/1/0416/7847/1329/collections/f27263e1953c2d7177abdc91c78ac82b.jpg?v=1711373783"
"Installation Materials;Installation Materials - Architessa","installation-materials-installation-materials-architessa.jpg","https://cdn.shopify.com/s/files/1/0416/7847/1329/collections/a38e4f29ab47a3e10eb414759d26c979.jpg?v=1711373771"
"Grout Caulk;Grout Caulk - Architessa","grout-caulk-grout-caulk-architessa.png","https://cdn.shopify.com/s/files/1/0416/7847/1329/collections/grout_caulk.png?v=1711373771"
"Herringbone;Herringbone Tile","herringbone-herringbone-tile.png","https://cdn.shopify.com/s/files/1/0416/7847/1329/collections/Himalaya.png?v=1681242872"
"Penny Round;Penny Round","penny-round-penny-round.png","https://cdn.shopify.com/s/files/1/0416/7847/1329/collections/Method.png?v=1681243337"
"Picket;","picket.jpg","https://cdn.shopify.com/s/files/1/0416/7847/1329/collections/gradientinstallresidentialbathroomsink_greigeglosscrayon.jpg?v=1742388686"
"Organic;","organic.jpg","https://cdn.shopify.com/s/files/1/0416/7847/1329/collections/spindrift_glass_glacier_gloss_shower-wall_rendering_island-stone-1200x792-e5f4572_1200x792_125216ab-720e-4a24-bd9f-563befaaff53.jpg?v=1742388532"
"Specialty Tile;White hexagon marble tile with a bee emblem","specialty-tile-white-hexagon-marble-tile-with-a-bee-emblem.webp","https://cdn.shopify.com/s/files/1/0416/7847/1329/collections/GeometricalHoneycombStaged2_2000x_c71c6dc5-fc65-4457-b977-2045231faa84.webp?v=1682366788"
"All Stock Collections;All Stock Collections - Architessa","all-stock-collections-all-stock-collections-architessa.png","https://cdn.shopify.com/s/files/1/0416/7847/1329/collections/all_stock_-_tangier.png?v=1711373768"
"Cement;Cement - Architessa","cement-cement-architessa.webp","https://cdn.shopify.com/s/files/1/0416/7847/1329/collections/1659517504_1024x1024_2000x_3c8ca33f-fbf8-48ae-a030-0f074b79413f.webp?v=1711373768"
"Bohemian;Bohemian - Architessa","bohemian-bohemian-architessa.jpg","https://cdn.shopify.com/s/files/1/0416/7847/1329/collections/Bohemian_amb_WZ_tahiti_A.jpg?v=1711373767"
"Handmade Look;","handmade-look.png","https://cdn.shopify.com/s/files/1/0416/7847/1329/collections/brazen_twilight.png?v=1742388063"
"Zen;Zen - Architessa","zen-zen-architessa.jpg","https://cdn.shopify.com/s/files/1/0416/7847/1329/collections/zen_osaka.jpg?v=1711373783"
"Art Deco;Art Deco - Architessa","art-deco-art-deco-architessa.jpg","https://cdn.shopify.com/s/files/1/0416/7847/1329/collections/vibes_install_square.jpg?v=1711373767"
"Botanical Organic;Botanical Organic - Architessa","botanical-organic-botanical-organic-architessa.jpg","https://cdn.shopify.com/s/files/1/0416/7847/1329/collections/Bohemian_amb_WZ_tahiti_A_d5e687ee-841e-4ff5-bfc1-5eb66f3eb171.jpg?v=1711373767"
"All Interior Floor;All Interior Floor - Architessa","all-interior-floor-all-interior-floor-architessa.png","https://cdn.shopify.com/s/files/1/0416/7847/1329/collections/All_Interior_Floor_Tile_-_Dolomites.png?v=1711373768"
"Bathroom Floor;Bathroom Floor - Architessa","bathroom-floor-bathroom-floor-architessa.png","https://cdn.shopify.com/s/files/1/0416/7847/1329/collections/Bathroom_Floor_-_Manta.png?v=1711373767"
"Covered Patio Tile;Covered Patio Tile - Architessa","covered-patio-tile-covered-patio-tile-architessa.png","https://cdn.shopify.com/s/files/1/0416/7847/1329/collections/Covered_Patio_Tile_-_Frontier20_Deco_Look.png?v=1711373771"
"Feature Wall;Feature Wall - Architessa","feature-wall-feature-wall-architessa.png","https://cdn.shopify.com/s/files/1/0416/7847/1329/collections/Feature_Wall_Tile_-_Metal_Matrix.png?v=1711373771"
"Shower Floor;Shower Floor - Architessa","shower-floor-shower-floor-architessa.png","https://cdn.shopify.com/s/files/1/0416/7847/1329/collections/Shower_Floor_-_Davenport.png?v=1711373779"
"Hexagon;Hexagon","hexagon-hexagon.png","https://cdn.shopify.com/s/files/1/0416/7847/1329/collections/Napoleon.png?v=1681243030"
"Arabesque Lantern;Arabesque Lantern - Architessa","arabesque-lantern-arabesque-lantern-architessa.jpg","https://cdn.shopify.com/s/files/1/0416/7847/1329/collections/8d53dd4ce71bab936618cfe3066ca995.jpg?v=1711373768"
"Circle Oval Tile;","circle-oval-tile.jpg","https://cdn.shopify.com/s/files/1/0416/7847/1329/collections/fanfare_white_circle_wall_3.jpg?v=1742389969"
"Plank;Plank Shaped Tile","plank-plank-shaped-tile.png","https://cdn.shopify.com/s/files/1/0416/7847/1329/collections/Emotion.png?v=1681243496"
"Basketweave Woven;Basketweave","basketweave-woven-basketweave.png","https://cdn.shopify.com/s/files/1/0416/7847/1329/collections/Align.png?v=1681244739"
"Octagon;Octagon - Architessa","octagon-octagon-architessa.png","https://cdn.shopify.com/s/files/1/0416/7847/1329/collections/RUE_PIERRE_BLANC_ANT_12_OCTAGON.png?v=1711373775"
"Waterjet Freeform;Waterjet Mosaic","waterjet-freeform-waterjet-mosaic.png","https://cdn.shopify.com/s/files/1/0416/7847/1329/collections/Divine.png?v=1681244496"
"Scallop Fan;Scallop Fan Tile","scallop-fan-scallop-fan-tile.png","https://cdn.shopify.com/s/files/1/0416/7847/1329/collections/Fanfare.png?v=1681243898"
"Diamond;Diamond - Architessa","diamond-diamond-architessa.png","https://cdn.shopify.com/s/files/1/0416/7847/1329/collections/c144e232a7f7ab494712e5838ab8f186.png?v=1711373771"
"Chevron;Chevron - Architessa","chevron-chevron-architessa.png","https://cdn.shopify.com/s/files/1/0416/7847/1329/collections/c92dc5bed6f044aad38c6c5f131d964f.png?v=1711373768"
"Geometric;Geometric - Architessa","geometric-geometric-architessa.png","https://cdn.shopify.com/s/files/1/0416/7847/1329/collections/9acda50c33990c54564fc88a89cff39f.png?v=1711373771"
"Culturebrick Linear Tile;Culturebrick Linear Tile - Architessa","culturebrick-linear-tile-culturebrick-linear-tile-architessa.png","https://cdn.shopify.com/s/files/1/0416/7847/1329/collections/Divergent_-_Linear.png?v=1711373771"
"Brick;Brick Shaped Tile","brick-brick-shaped-tile.png","https://cdn.shopify.com/s/files/1/0416/7847/1329/collections/f521be6c467383f1d821c7e5d956e561.png?v=1681305482"
"Rectangle;Rectangle Shaped Tile","rectangle-rectangle-shaped-tile.png","https://cdn.shopify.com/s/files/1/0416/7847/1329/collections/Beyond.png?v=1681243676"
"Square;Square - Architessa","square-square-architessa.png","https://cdn.shopify.com/s/files/1/0416/7847/1329/collections/Palatial.png?v=1711373779"
"Beveled;Beveled - Architessa","beveled-beveled-architessa.png","https://cdn.shopify.com/s/files/1/0416/7847/1329/collections/Boutique_Sleek.png?v=1711373767"
"All Shapes;","all-shapes.jpg","https://cdn.shopify.com/s/files/1/0416/7847/1329/collections/pure_atlas_point-reyes_inspo.jpg?v=1729529143"
"Residential Light Traffic;","residential-light-traffic.png","https://cdn.shopify.com/s/files/1/0416/7847/1329/collections/checkerboard_teaser_6.png?v=1742390193"
"Commercial Light Traffic;Commercial Light Traffic - Architessa","commercial-light-traffic-commercial-light-traffic-architessa.png","https://cdn.shopify.com/s/files/1/0416/7847/1329/collections/Commercial_Light_Traffic_-_WOW_Cottage.png?v=1711373768"
"Clean Seal;Clean Seal - Architessa","clean-seal-clean-seal-architessa.webp","https://cdn.shopify.com/s/files/1/0416/7847/1329/collections/stonetech_stone_tile_cleaner_qgoz_600x_jpg.webp?v=1711373768"
"Modern Minimalist;","modern-minimalist.png","https://cdn.shopify.com/s/files/1/0416/7847/1329/collections/SLIMWOOD_modern.png?v=1729529072"
"Subway Brick;Subway Brick - Architessa","subway-brick-subway-brick-architessa.jpg","https://cdn.shopify.com/s/files/1/0416/7847/1329/collections/subway_hustle_5f48cff6-cfb9-4aae-aaa3-5e96d77e06c7.jpg?v=1711373779"
"Hollywood Regency;Mens dress shoes on black and white mosaic tile","hollywood-regency-mens-dress-shoes-on-black-and-white-mosaic-tile.jpg","https://cdn.shopify.com/s/files/1/0416/7847/1329/collections/Hollywood_Regency_geometric_mosaic.jpg?v=1682368998"
"Craftsman;Craftsman - Architessa","craftsman-craftsman-architessa.webp","https://cdn.shopify.com/s/files/1/0416/7847/1329/collections/craftsman_sequoia.webp?v=1711373771"
"Maximalist;Maximalist - Architessa","maximalist-maximalist-architessa.png","https://cdn.shopify.com/s/files/1/0416/7847/1329/collections/Maximalist.png?v=1711373775"
"Rustic;Rustic - Architessa","rustic-rustic-architessa.jpg","https://cdn.shopify.com/s/files/1/0416/7847/1329/collections/04f57eac5468191d8c1eadbd6c615c05.jpg?v=1711373779"
"Scandinavian;Scandinavian - Architessa","scandinavian-scandinavian-architessa.jpg","https://cdn.shopify.com/s/files/1/0416/7847/1329/collections/scandinavian_sherwood.jpg?v=1711373779"
"Greige;Greige - Architessa","greige-greige-architessa.png","https://cdn.shopify.com/s/files/1/0416/7847/1329/collections/Greige.png?v=1711373771"
"Pool Tile;Pool Tile - Architessa","pool-tile-pool-tile-architessa.png","https://cdn.shopify.com/s/files/1/0416/7847/1329/collections/Pool_Tile_-_Taza.png?v=1711373775"
"Cladding Facade;Cladding - Architessa","cladding-facade-cladding-architessa.webp","https://cdn.shopify.com/s/files/1/0416/7847/1329/collections/CR1QSRusticCladdingQuartziteSilverStoneExteriorWallPool-min1-min_900x_6b513f7a-1bec-4932-99f3-579611302c5a.webp?v=1711373768"
"USA Made;USA Made - Architessa","usa-made-usa-made-architessa.webp","https://cdn.shopify.com/s/files/1/0416/7847/1329/collections/288112574625.webp?v=1711373783"
"Recycled Content 10;Recycled Content 10 - Architessa","recycled-content-10-recycled-content-10-architessa.jpg","https://cdn.shopify.com/s/files/1/0416/7847/1329/collections/d1c442dc9ac81c726a2d639a38f36a88.jpg?v=1711373779"
"Recycled Content 20;Recycled Content 20 - Architessa","recycled-content-20-recycled-content-20-architessa.jpg","https://cdn.shopify.com/s/files/1/0416/7847/1329/collections/4b2b72c96c5efdd791fc25160f3b4037.jpg?v=1711373779"
"Landscape Architecture;Landscape Architecture - Architessa","landscape-architecture-landscape-architecture-architessa.jpg","https://cdn.shopify.com/s/files/1/0416/7847/1329/collections/4e02df5433a9cd0a8e40e5dd1ba4942a.jpg?v=1711373775"
"Engineered Wood;Engineered Wood - Architessa","engineered-wood-engineered-wood-architessa.jpg","https://cdn.shopify.com/s/files/1/0416/7847/1329/collections/2bf9a0df484d457e8dcad01fee148244.jpg?v=1711373771"
"Pebble Tile;Pebble Tile - Architessa","pebble-tile-pebble-tile-architessa.webp","https://cdn.shopify.com/s/files/1/0416/7847/1329/collections/Perfect-Pebble-Birds-Egg-Blend-184_2000x_df71ba4f-7665-490b-902b-0cbcc20f15ba.webp?v=1711373775"
"Thresholds Trim;Thresholds Trim - Architessa","thresholds-trim-thresholds-trim-architessa.png","https://cdn.shopify.com/s/files/1/0416/7847/1329/collections/4229181baf62e72bd78667dd7c8c7185.png?v=1711373783"
"Tools;Tools - Architessa","tools-tools-architessa.png","https://cdn.shopify.com/s/files/1/0416/7847/1329/collections/tools.png?v=1711373783"
"Cove Base;Cove Base - Architessa","cove-base-cove-base-architessa.webp","https://cdn.shopify.com/s/files/1/0416/7847/1329/collections/cove_base_6x12_f4c0bb68-c1c8-4163-a92a-08aff856db23_2000x_png.webp?v=1711373771"
"Stock Natural Stone;Stock Natural Stone - Architessa","stock-natural-stone-stock-natural-stone-architessa.png","https://cdn.shopify.com/s/files/1/0416/7847/1329/collections/stock_natural_stone_blue_tides_portfolio.png?v=1711373779"
"Stock Porcelain;Stock Porcelain - Architessa","stock-porcelain-stock-porcelain-architessa.png","https://cdn.shopify.com/s/files/1/0416/7847/1329/collections/stock_porcelain_artem.png?v=1711373779"
"Stock Ceramic;Stock Ceramic - Architessa","stock-ceramic-stock-ceramic-architessa.png","https://cdn.shopify.com/s/files/1/0416/7847/1329/collections/stock_ceramic_-_basics.png?v=1711373779"
"Stock Sale;Stock Sale - Architessa","stock-sale-stock-sale-architessa.png","https://cdn.shopify.com/s/files/1/0416/7847/1329/collections/stock_sale_-_calacatta_chablis.png?v=1711373779"
"Stock Accessories;Stock Accessories - Architessa","stock-accessories-stock-accessories-architessa.png","https://cdn.shopify.com/s/files/1/0416/7847/1329/collections/stock_accessories_niche.png?v=1711373779"
"Stock Sundries;Stock Sundries - Architessa","stock-sundries-stock-sundries-architessa.png","https://cdn.shopify.com/s/files/1/0416/7847/1329/collections/Learning_Center_porcelain_care_1.png?v=1711373779"
"Stock Specialty;Stock Specialty - Architessa","stock-specialty-stock-specialty-architessa.png","https://cdn.shopify.com/s/files/1/0416/7847/1329/collections/Stock_Specialty_-_terra.png?v=1711373779"
"Stock Glass;Stock Glass - Architessa","stock-glass-stock-glass-architessa.png","https://cdn.shopify.com/s/files/1/0416/7847/1329/collections/Stock_Glass_-_batik.png?v=1711373779"
"Stock Cement;Stock Cement - Architessa","stock-cement-stock-cement-architessa.png","https://cdn.shopify.com/s/files/1/0416/7847/1329/collections/Stock_Cement_-_adorn.png?v=1711373779"
"Stock USA Made;Stock USA Made - Architessa","stock-usa-made-stock-usa-made-architessa.png","https://cdn.shopify.com/s/files/1/0416/7847/1329/collections/stock_USA_made_-_abode.png?v=1711373779"
"Color Body Porcelain;","color-body-porcelain.jpg","https://cdn.shopify.com/s/files/1/0416/7847/1329/collections/tesuque_bianco_assoluto_80x80_majolica_lux_azure_part_bagno_1.jpg?v=1729529023"
"Glazed Porcelain;","glazed-porcelain.jpg","https://cdn.shopify.com/s/files/1/0416/7847/1329/collections/strand-ash-10074_ae165e25-ce54-4682-9660-ffaf626aefbe.jpg?v=1742388322"
"Art Murals;Art Murals - Architessa","art-murals-art-murals-architessa.webp","https://cdn.shopify.com/s/files/1/0416/7847/1329/collections/i_Moons_Jazz_Club_Dark_Multi_CUTMWJMOON6DK_1000x_jpg.webp?v=1711373766"
"Cradle to Cradle Certified Collections;Crade to Cradle Certified Collections - Architessa","cradle-to-cradle-certified-collections-crade-to-cradle-certified-collections-architessa.jpg","https://cdn.shopify.com/s/files/1/0416/7847/1329/collections/f9365bf0b0acbde28ecc3601d61ad734.jpg?v=1711373771"
"Recycled Content 40;Recycled Content 40 - Architessa","recycled-content-40-recycled-content-40-architessa.jpg","https://cdn.shopify.com/s/files/1/0416/7847/1329/collections/cbc9c7acc43f5ac9df23240edab0deda.jpg?v=1711373779"
"Porcelain Slabs/Panels;Porcelain Slabs/Panels - Architessa","porcelain-slabs-panels-porcelain-slabs-panels-architessa.jpg","https://cdn.shopify.com/s/files/1/0416/7847/1329/collections/e6062646c3a2c8fd075cfb3e28f07d65.jpg?v=1711373779"
"Parquet;","parquet.jpg","https://cdn.shopify.com/s/files/1/0416/7847/1329/collections/centurywoodinstall2.jpg?v=1742390393"
"Frontier20 All Collections;Frontier20 All Collections - Architessa","frontier20-all-collections-frontier20-all-collections-architessa.webp","https://cdn.shopify.com/s/files/1/0416/7847/1329/collections/FR20ESSENCEGREY_PATIO_1440x_jpg.webp?v=1711373765"
"Checkerboard Tile Collections;Checkerboard Tile Collections - Architessa","checkerboard-tile-collections-checkerboard-tile-collections-architessa.webp","https://cdn.shopify.com/s/files/1/0416/7847/1329/collections/luxury_calacatta_1440x_jpg.webp?v=1711373765"
"Stock Slabs/Panels;Stock Slabs/Panels - Architessa","stock-slabs-panels-stock-slabs-panels-architessa.png","https://cdn.shopify.com/s/files/1/0416/7847/1329/collections/Stock_Slabs_-_elevated.png?v=1711373765"
"Schluter Trim;Schluter Trim - Architessa","schluter-trim-schluter-trim-architessa.png","https://cdn.shopify.com/s/files/1/0416/7847/1329/collections/schluter_trim.png?v=1711373765"
"Ivory;Ivory - Architessa","ivory-ivory-architessa.png","https://cdn.shopify.com/s/files/1/0416/7847/1329/collections/Ivory.png?v=1711373771"
"Pink;Pink - Architessa","pink-pink-architessa.png","https://cdn.shopify.com/s/files/1/0416/7847/1329/collections/Pink.png?v=1711373775"
"Orange;Orange - Architessa","orange-orange-architessa.png","https://cdn.shopify.com/s/files/1/0416/7847/1329/collections/Orange.png?v=1711373775"
"Purple;Purple - Architessa","purple-purple-architessa.png","https://cdn.shopify.com/s/files/1/0416/7847/1329/collections/Purple.png?v=1711373779"
"Silver;Silver","silver-silver.png","https://cdn.shopify.com/s/files/1/0416/7847/1329/collections/Silver.png?v=1681305814"
"Gold;Gold - Architessa","gold-gold-architessa.png","https://cdn.shopify.com/s/files/1/0416/7847/1329/collections/Gold.png?v=1711373771"
"12x24 Porcelain;12x24 Porcelain - Architessa","12x24-porcelain-12x24-porcelain-architessa.webp","https://cdn.shopify.com/s/files/1/0416/7847/1329/collections/Unknown.webp?v=1711373767"
"Multifamily Unit Flooring Tub Surround;Multifamily Unit Flooring Tub Surround - Architessa","multifamily-unit-flooring-tub-surround-multifamily-unit-flooring-tub-surround-architessa.jpg","https://cdn.shopify.com/s/files/1/0416/7847/1329/collections/multifamily_floor_portland.jpg?v=1711373775"
"Multifamily Unit Backsplash;Multifamily Unit Backsplash - Architessa","multifamily-unit-backsplash-multifamily-unit-backsplash-architessa.jpg","https://cdn.shopify.com/s/files/1/0416/7847/1329/collections/multifamily_backsplash_metal_matrix.jpg?v=1711373775"
"36x36;","36x36.jpg","https://cdn.shopify.com/s/files/1/0416/7847/1329/collections/mosa-core-collection-terra-blue_239.jpg?v=1742389203"
"24x24;24x24 - Architessa","24x24-24x24-architessa.jpg","https://cdn.shopify.com/s/files/1/0416/7847/1329/collections/24x24_palatial.jpg?v=1711373767"
"DECLARE Certified Collections;DECLARE Certified Collections - Architessa","declare-certified-collections-declare-certified-collections-architessa.webp","https://cdn.shopify.com/s/files/1/0416/7847/1329/collections/Declare-logo-transparent-2_png.webp?v=1711373771"
"Tile Collections with Recycled Content;Tile Collections with Recycled Content - Architessa","tile-collections-with-recycled-content-tile-collections-with-recycled-content-architessa.png","https://cdn.shopify.com/s/files/1/0416/7847/1329/collections/137552b2-2561-4449-8a43-988224085195.png?v=1711373783"
"Greenguard Certified Collections;Greenguard Certified Collections - Architessa","greenguard-certified-collections-greenguard-certified-collections-architessa.png","https://cdn.shopify.com/s/files/1/0416/7847/1329/collections/greenguard.png?v=1711373771"
"HPD EPD;HPD EPD - Architessa","hpd-epd-hpd-epd-architessa.png","https://cdn.shopify.com/s/files/1/0416/7847/1329/collections/HPDC-Collaborative2.png?v=1711373772"
"mindful MATERIALS;mindful MATERIALS - Architessa","mindful-materials-mindful-materials-architessa.png","https://cdn.shopify.com/s/files/1/0416/7847/1329/collections/Mindful-logo-Transparentbackground.png?v=1711373775"
"LBC Red List Free Collections;LBC Red List Free Collections - Architessa","lbc-red-list-free-collections-lbc-red-list-free-collections-architessa.png","https://cdn.shopify.com/s/files/1/0416/7847/1329/collections/badge.png?v=1711373775"
"Portobello;Portobello - Architessa","portobello-portobello-architessa.jpg","https://cdn.shopify.com/s/files/1/0416/7847/1329/collections/neotropical_black_mix_20x20_nat_ret_amb_01_webp.jpg?v=1711373779"
"Contractor Collections;Contractor Collections - Architessa","contractor-collections-contractor-collections-architessa.jpg","https://cdn.shopify.com/s/files/1/0416/7847/1329/collections/WALL-SILKandLINEN.jpg?v=1711373771"
"Porcelain Slabs/Panels 6mm;Porcelain Slabs/Panels 6mm - Architessa","porcelain-slabs-panels-6mm-porcelain-slabs-panels-6mm-architessa.jpg","https://cdn.shopify.com/s/files/1/0416/7847/1329/collections/elevated_white_paradise_3_sq.jpg?v=1711373779"
"Porcelain Slabs/Panels 12mm;Porcelain Slabs/Panels 12mm - Architessa","porcelain-slabs-panels-12mm-porcelain-slabs-panels-12mm-architessa.jpg","https://cdn.shopify.com/s/files/1/0416/7847/1329/collections/ElevatedCalacattaGoldinstall2.jpg?v=1711373779"
"6x6;","6x6.jpg","https://cdn.shopify.com/s/files/1/0416/7847/1329/collections/loopline_arco-off-white-mt-15_5x15_5cm-foto-taito-estudio-producao-debbie-apsan-amb03.jpg?v=1742387656"
"USA Made Contract Pricing;USA Made Contract Pricing - Architessa","usa-made-contract-pricing-usa-made-contract-pricing-architessa.jpg","https://cdn.shopify.com/s/files/1/0416/7847/1329/collections/landmark-contract-catalog2018-14.jpg?v=1711373783"
"Retro;","retro.jpg","https://cdn.shopify.com/s/files/1/0416/7847/1329/collections/decade_install_square_blue.jpg?v=1742387217"
"Vintage;","vintage.jpg","https://cdn.shopify.com/s/files/1/0416/7847/1329/collections/boweri_bathroom_foresta.jpg?v=1742387800"
"Fluted;","fluted.jpg","https://cdn.shopify.com/s/files/1/0416/7847/1329/collections/install_Pinnacle_Fete_China_Black_SPINFETE_Bar_webp.jpg?v=1714600673"
"Wood Slat Tile;","wood-slat-tile.jpg","https://cdn.shopify.com/s/files/1/0416/7847/1329/collections/plumb_panels_install_oak_slat_natural_30x120_e38b0212-1a67-4b86-8509-6b2ea0ddde2a.jpg?v=1714602173"
"Terracotta Tile;","terracotta-tile.png","https://cdn.shopify.com/s/files/1/0416/7847/1329/collections/Habitat_terra_sq.png?v=1730321032"
"Zellige Tile Bejmat Tile;","zellige-tile-bejmat-tile.jpg","https://cdn.shopify.com/s/files/1/0416/7847/1329/collections/tangier_classic_4x4_fez_white_gloss.jpg?v=1730325016"
"Top Sampled Tiles 2024;","top-sampled-tiles-2024.jpg","https://cdn.shopify.com/s/files/1/0416/7847/1329/collections/pastelaria-velvet-graffi-10260.jpg?v=1733848398"
"Sweet Color Pairings;","sweet-color-pairings.jpg","https://cdn.shopify.com/s/files/1/0416/7847/1329/collections/architessa_pembrooke_rouge.jpg?v=1742389461"
"Quick Ship Lead Time;","quick-ship-lead-time.jpg","https://cdn.shopify.com/s/files/1/0416/7847/1329/collections/alto_ligne_fumee_closeup_scene_ce2dd205-8644-468d-9513-d77ad371ac36.jpg?v=1742387751"