Image URL,Image Title,Image Caption
https://cdn.shopify.com/s/files/1/0416/7847/1329/collections/233593929889.webp?v=1711373768,Ceramic,Ceramic - Architessa
https://cdn.shopify.com/s/files/1/0416/7847/1329/collections/encaustic_florence.jpg?v=1711373771,Encaustic Look,Encaustic Look - Architessa
https://cdn.shopify.com/s/files/1/0416/7847/1329/collections/233768976545.webp?v=1682366478,Porcelain,A bathroom with blue Currents tiles installed
https://cdn.shopify.com/s/files/1/0416/7847/1329/collections/pattern_braga.jpg?v=1711373775,Pattern,Pattern - Architessa
https://cdn.shopify.com/s/files/1/0416/7847/1329/collections/stone_look_currents.jpg?v=1711373779,Stone Look,Stone Look - Architessa
https://cdn.shopify.com/s/files/1/0416/7847/1329/collections/3d_boho.jpg?v=1711373771,Dimensional & 3D,Dimensional & 3D - Architessa
https://cdn.shopify.com/s/files/1/0416/7847/1329/collections/wood_look_love_affairs.jpg?v=1711373783,Wood Look,Wood Look - Architessa
https://cdn.shopify.com/s/files/1/0416/7847/1329/collections/subway_hustle.jpg?v=1711373779,Subway Tile,Subway Tile - Architessa
https://cdn.shopify.com/s/files/1/0416/7847/1329/collections/Just_in_Cache.png?v=1738594519,Just In,Just In - Architessa
https://cdn.shopify.com/s/files/1/0416/7847/1329/collections/new_for_2023_-_meriba.png?v=1711373765,New Arrivals,New for 2024 - Architessa
https://cdn.shopify.com/s/files/1/0416/7847/1329/collections/Coastal_prime_blue.jpg?v=1711373766,Coastal,Coastal - Architessa
https://cdn.shopify.com/s/files/1/0416/7847/1329/collections/1bc9a7f25abd2400a98328e2585184f0.jpg?v=1711373771,Contemporary,Contemporary - Architessa
https://cdn.shopify.com/s/files/1/0416/7847/1329/collections/Industrial_diesel_industrial_glass.jpg?v=1711373771,Industrial,Industrial - Architessa
https://cdn.shopify.com/s/files/1/0416/7847/1329/collections/Global_Fusion_Palms_Midnight_Matte_KitchenBacksplash.jpg?v=1711373771,Global Fusion,Global Fusion - Architessa
https://cdn.shopify.com/s/files/1/0416/7847/1329/collections/Mediterranean_taza_biscuit_matt_tan_matt.jpg?v=1711373775,Mediterranean,Mediterranean - Architessa
https://cdn.shopify.com/s/files/1/0416/7847/1329/collections/mid-century_modern_baywood.png?v=1711373775,Mid-Century Modern,Mid-Century Modern - Architessa
https://cdn.shopify.com/s/files/1/0416/7847/1329/collections/illusion_install_4_900x_fddcec30-7b26-4832-bd44-78127e167211.webp?v=1711373775,Minimalist,Minimalist - Architessa
https://cdn.shopify.com/s/files/1/0416/7847/1329/collections/modern_diesel_fence.jpg?v=1711373775,Modern,Modern - Architessa
https://cdn.shopify.com/s/files/1/0416/7847/1329/collections/8a44f6a61ab95eb3879a7b68945666eb.jpg?v=1711373775,Outdoor Tile,Outdoor Tile - Architessa
https://cdn.shopify.com/s/files/1/0416/7847/1329/collections/traditional_prime.jpg?v=1711373783,Traditional,Traditional - Architessa
https://cdn.shopify.com/s/files/1/0416/7847/1329/collections/transitional_terra_rones.jpg?v=1711373783,Transitional,Transitional - Architessa
https://cdn.shopify.com/s/files/1/0416/7847/1329/collections/retro_flora_cement.jpg?v=1711373779,Retro & Vintage,Retro & Vintage - Architessa
https://cdn.shopify.com/s/files/1/0416/7847/1329/collections/directional_genesis.jpg?v=1711373771,Directional,Directional - Architessa
https://cdn.shopify.com/s/files/1/0416/7847/1329/collections/metal_matrix_install_gun_metal_floor.jpg?v=1742388249,Field Tile,
https://cdn.shopify.com/s/files/1/0416/7847/1329/collections/8bcd28584f8d30c1e198f1def4bbcd10.png?v=1711373775,Mosaic,Mosaic - Architessa
https://cdn.shopify.com/s/files/1/0416/7847/1329/collections/White.png?v=1711373783,White,White - Architessa
https://cdn.shopify.com/s/files/1/0416/7847/1329/collections/Grey.png?v=1711373771,Grey,Grey - Architessa
https://cdn.shopify.com/s/files/1/0416/7847/1329/collections/Red.png?v=1711373779,Red,Red - Architessa
https://cdn.shopify.com/s/files/1/0416/7847/1329/collections/Blue.png?v=1711373766,Blue,Blue - Architessa
https://cdn.shopify.com/s/files/1/0416/7847/1329/collections/Yellow.png?v=1711373783,Yellow,Yellow - Architessa
https://cdn.shopify.com/s/files/1/0416/7847/1329/collections/strand-ash-10074.jpg?v=1729529280,Concrete Look,
https://cdn.shopify.com/s/files/1/0416/7847/1329/collections/farmhouse_Wow_love_affairs.jpg?v=1711373771,Farmhouse,Farmhouse - Architessa
https://cdn.shopify.com/s/files/1/0416/7847/1329/collections/kaleidoscope_cube_web.jpg?v=1742390663,Waterjet,
https://cdn.shopify.com/s/files/1/0416/7847/1329/collections/travertine_fr20.jpg?v=1711373783,Travertine Look,Travertine Look - Architessa
https://cdn.shopify.com/s/files/1/0416/7847/1329/collections/Backsplash_Tile_-_Overlook.png?v=1711373766,Backsplash,Backsplash - Architessa
https://cdn.shopify.com/s/files/1/0416/7847/1329/collections/seton_petrolio_amaranto.png?v=1742390927,Resin,
https://cdn.shopify.com/s/files/1/0416/7847/1329/collections/Luna-Splitface-and-Stone-Tiles-web.jpg?v=1729529434,Textured Look,
https://cdn.shopify.com/s/files/1/0416/7847/1329/collections/atlas_slate_black_nat_mosaico_particolare_bagno.jpg?v=1742389701,Slate Look,
https://cdn.shopify.com/s/files/1/0416/7847/1329/collections/marble_look_art_house_rel.jpg?v=1711373775,Marble Look,Marble Look - Architessa
https://cdn.shopify.com/s/files/1/0416/7847/1329/collections/Metallic_05067d27-8f4c-4ed9-be03-19198fe80960.png?v=1711373775,Metallic Look,Metallic Look - Architessa
https://cdn.shopify.com/s/files/1/0416/7847/1329/collections/monochromatic_hustle_hex.jpg?v=1711373775,Monochromatic,Monochromatic - Architessa
https://cdn.shopify.com/s/files/1/0416/7847/1329/collections/limestone_entrada.jpg?v=1711373775,Limestone & Sandstone Look,Limestone & Sandstone Look - Architessa
https://cdn.shopify.com/s/files/1/0416/7847/1329/collections/install_Tuxedo_Park_Bugle_Blue_Blend_Mosaic_Bathroom_Shower_Hillsdale_NY_1000x_1080x_ac751582-010a-456b-a09f-f516e3832249.webp?v=1711373771,Glass Tile,Glass Tile - Architessa
https://cdn.shopify.com/s/files/1/0416/7847/1329/collections/Mediterranean_taza_biscuit_matt_tan_matt_cde10615-9281-4ec3-b502-6195917b6c8f.jpg?v=1711373783,Terracotta & Cotto Look,Terracotta & Cotto Look - Architessa
https://cdn.shopify.com/s/files/1/0416/7847/1329/collections/fabric_crash.jpg?v=1711373771,Fabric,Fabric - Architessa
https://cdn.shopify.com/s/files/1/0416/7847/1329/collections/brickworld_soho_cotto_cafe_close_up.jpg?v=1729528227,Brick Look,
https://cdn.shopify.com/s/files/1/0416/7847/1329/collections/235262509217.webp?v=1711373775,Natural Stone,Natural Stone - Architessa
https://cdn.shopify.com/s/files/1/0416/7847/1329/collections/guimardbath.webp?v=1729529334,Polished,
https://cdn.shopify.com/s/files/1/0416/7847/1329/collections/Gamut.png?v=1742389896,Paint,
https://cdn.shopify.com/s/files/1/0416/7847/1329/collections/Exterior_Tile_-_Bluestone.png?v=1711373771,Exterior,Exterior - Architessa
https://cdn.shopify.com/s/files/1/0416/7847/1329/collections/Fireplace_Surround_-_Globe.png?v=1711373771,Fireplace Surround,Fireplace Surround - Architessa
https://cdn.shopify.com/s/files/1/0416/7847/1329/collections/Kitchen.jpg?v=1729527823,Kitchen,
https://cdn.shopify.com/s/files/1/0416/7847/1329/collections/Kitchen_Floor_Tile_-_Jetty.png?v=1711373771,Kitchen Floor,Kitchen Floor - Architessa
https://cdn.shopify.com/s/files/1/0416/7847/1329/collections/7ff542a32d1de5fe007f4f9882b13d83.png?v=1711373775,Pavers,Pavers - Architessa
https://cdn.shopify.com/s/files/1/0416/7847/1329/collections/Shower_Wall_-Kiln_Penny.png?v=1711373779,Shower Wall,Shower Wall - Architessa
https://cdn.shopify.com/s/files/1/0416/7847/1329/collections/Seton.png?v=1711373783,Wall Tile,Wall Tile - Architessa
https://cdn.shopify.com/s/files/1/0416/7847/1329/collections/Mississippi_Moire.png?v=1727788034,Wall Only,
https://cdn.shopify.com/s/files/1/0416/7847/1329/collections/Beige.png?v=1711373767,Beige,Beige - Architessa
https://cdn.shopify.com/s/files/1/0416/7847/1329/collections/Brown.png?v=1711373768,Brown,Brown - Architessa
https://cdn.shopify.com/s/files/1/0416/7847/1329/collections/Cream.png?v=1711373771,Cream,Cream - Architessa
https://cdn.shopify.com/s/files/1/0416/7847/1329/collections/Green.png?v=1711373771,Green,Green - Architessa
https://cdn.shopify.com/s/files/1/0416/7847/1329/collections/Tan.png?v=1711373783,Tan,Tan - Architessa
https://cdn.shopify.com/s/files/1/0416/7847/1329/collections/Taupe.png?v=1711373783,Taupe,Taupe - Architessa
https://cdn.shopify.com/s/files/1/0416/7847/1329/collections/Multicolor.png?v=1711373775,Multicolor,Multicolor - Architessa
https://cdn.shopify.com/s/files/1/0416/7847/1329/collections/12x24.png?v=1711373766,12x24,12x24 - Architessa
https://cdn.shopify.com/s/files/1/0416/7847/1329/collections/4x6_riviera.jpg?v=1711373766,4x6,4x6 - Architessa
https://cdn.shopify.com/s/files/1/0416/7847/1329/collections/6x36_shale.jpg?v=1711373767,6x36,6x36 - Architessa
https://cdn.shopify.com/s/files/1/0416/7847/1329/collections/8x48_enigma_legno.jpg?v=1711373766,8x48,8x48 - Architessa
https://cdn.shopify.com/s/files/1/0416/7847/1329/collections/12x12_journey.jpg?v=1711373766,12x12,12x12 - Architessa
https://cdn.shopify.com/s/files/1/0416/7847/1329/collections/24x48_palatial.jpg?v=1711373767,24x48,24x48 - Architessa
https://cdn.shopify.com/s/files/1/0416/7847/1329/collections/38bb455ec990e2cad3f55b49420b6a99.jpg?v=1711373768,3x6,3x6 - Architessa
https://cdn.shopify.com/s/files/1/0416/7847/1329/collections/Black.png?v=1711373767,Black,Black - Architessa
https://cdn.shopify.com/s/files/1/0416/7847/1329/collections/arroyo_beige_parquet_mosaic_90026-rs1.jpg?v=1729529246,Neutrals,
https://cdn.shopify.com/s/files/1/0416/7847/1329/collections/screen_shot_2022-07-18_at_4.49.10_pm_1080x_d8fa71c1-70d0-463a-a37d-5d583f43c31f.webp?v=1711373771,Designer Collections,Designer Collections - Architessa
https://cdn.shopify.com/s/files/1/0416/7847/1329/collections/Commercial_Heavy_Traffic_-_Chicago.png?v=1711373768,Commercial Heavy Traffic,Commercial Heavy Traffic - Architessa
https://cdn.shopify.com/s/files/1/0416/7847/1329/collections/PopCultureblackdecoroomwall_1.jpg?v=1742387484,Indoor,
https://cdn.shopify.com/s/files/1/0416/7847/1329/collections/accessories.png?v=1711373768,Accessories,Accessories - Architessa
https://cdn.shopify.com/s/files/1/0416/7847/1329/collections/4b2e8c36f0e72b51856fb0f0daa24054.jpg?v=1711373775,Lauren Liess,Lauren Liess - Architessa
https://cdn.shopify.com/s/files/1/0416/7847/1329/collections/Black_59b5d84f-5eb8-484a-8130-e81fd69379c8.png?v=1711373771,Deco,Deco - Architessa
https://cdn.shopify.com/s/files/1/0416/7847/1329/collections/bac132436f940ef70fa927aa3f5c55d6.png?v=1711373775,Large Format Tile,Large Format Tile - Architessa
https://cdn.shopify.com/s/files/1/0416/7847/1329/collections/capsule_sq_flip.png?v=1729529214,All Products,
https://cdn.shopify.com/s/files/1/0416/7847/1329/collections/LassenInstallRestaurant_2000x_5a0bcd9a-aaa0-4a2c-abe1-e878e04764b6.webp?v=1711373775,Luxury Vinyl Plank,Luxury Vinyl Plank - Architessa
https://cdn.shopify.com/s/files/1/0416/7847/1329/collections/zellige_taza_d0102805-3be8-4777-8485-2dcc1fae1b09.jpg?v=1711373783,Zellige Look,Zellige Look - Architessa
https://cdn.shopify.com/s/files/1/0416/7847/1329/collections/8x8_vibes.jpg?v=1711373768,8x8,8x8 - Architessa
https://cdn.shopify.com/s/files/1/0416/7847/1329/collections/4x4_riviera.jpg?v=1711373768,4x4,4x4 - Architessa
https://cdn.shopify.com/s/files/1/0416/7847/1329/collections/3x12_ellis.jpg?v=1711373767,3x12,3x12 - Architessa
https://cdn.shopify.com/s/files/1/0416/7847/1329/collections/checkerboard_install_3_a0be4b7e-045e-4733-ae19-7efb03a78339.jpg?v=1742389536,Marble,
https://cdn.shopify.com/s/files/1/0416/7847/1329/collections/slab_elevated.jpg?v=1711373775,Natural Stone Slabs,Natural Stone Slabs - Architessa
https://cdn.shopify.com/s/files/1/0416/7847/1329/collections/Commercial_Traffic_-_Charme_Eco.png?v=1711373768,Commercial Traffic,Commercial Traffic - Architessa
https://cdn.shopify.com/s/files/1/0416/7847/1329/collections/Mosa-Terra-Tones-06_2000x_jpg.webp?v=1711373765,MOSA Collections,MOSA Collections - Architessa
https://cdn.shopify.com/s/files/1/0416/7847/1329/collections/f27263e1953c2d7177abdc91c78ac82b.jpg?v=1711373783,Terrazzo Look,Terrazzo Look - Architessa
https://cdn.shopify.com/s/files/1/0416/7847/1329/collections/a38e4f29ab47a3e10eb414759d26c979.jpg?v=1711373771,Installation Materials,Installation Materials - Architessa
https://cdn.shopify.com/s/files/1/0416/7847/1329/collections/grout_caulk.png?v=1711373771,Grout & Caulk,Grout & Caulk - Architessa
https://cdn.shopify.com/s/files/1/0416/7847/1329/collections/Himalaya.png?v=1681242872,Herringbone,Herringbone Tile
https://cdn.shopify.com/s/files/1/0416/7847/1329/collections/Method.png?v=1681243337,Penny Round,Penny Round
https://cdn.shopify.com/s/files/1/0416/7847/1329/collections/gradientinstallresidentialbathroomsink_greigeglosscrayon.jpg?v=1742388686,Picket,
https://cdn.shopify.com/s/files/1/0416/7847/1329/collections/spindrift_glass_glacier_gloss_shower-wall_rendering_island-stone-1200x792-e5f4572_1200x792_125216ab-720e-4a24-bd9f-563befaaff53.jpg?v=1742388532,Organic,
https://cdn.shopify.com/s/files/1/0416/7847/1329/collections/GeometricalHoneycombStaged2_2000x_c71c6dc5-fc65-4457-b977-2045231faa84.webp?v=1682366788,Specialty Tile,White hexagon marble tile with a bee emblem
https://cdn.shopify.com/s/files/1/0416/7847/1329/collections/all_stock_-_tangier.png?v=1711373768,All Stock Collections,All Stock Collections - Architessa
https://cdn.shopify.com/s/files/1/0416/7847/1329/collections/1659517504_1024x1024_2000x_3c8ca33f-fbf8-48ae-a030-0f074b79413f.webp?v=1711373768,Cement,Cement - Architessa
https://cdn.shopify.com/s/files/1/0416/7847/1329/collections/Bohemian_amb_WZ_tahiti_A.jpg?v=1711373767,Bohemian,Bohemian - Architessa
https://cdn.shopify.com/s/files/1/0416/7847/1329/collections/brazen_twilight.png?v=1742388063,Handmade Look,
https://cdn.shopify.com/s/files/1/0416/7847/1329/collections/zen_osaka.jpg?v=1711373783,Zen,Zen - Architessa
https://cdn.shopify.com/s/files/1/0416/7847/1329/collections/vibes_install_square.jpg?v=1711373767,Art Deco,Art Deco - Architessa
https://cdn.shopify.com/s/files/1/0416/7847/1329/collections/Bohemian_amb_WZ_tahiti_A_d5e687ee-841e-4ff5-bfc1-5eb66f3eb171.jpg?v=1711373767,Botanical & Organic,Botanical & Organic - Architessa
https://cdn.shopify.com/s/files/1/0416/7847/1329/collections/All_Interior_Floor_Tile_-_Dolomites.png?v=1711373768,All Interior Floor,All Interior Floor - Architessa
https://cdn.shopify.com/s/files/1/0416/7847/1329/collections/Bathroom_Floor_-_Manta.png?v=1711373767,Bathroom Floor,Bathroom Floor - Architessa
https://cdn.shopify.com/s/files/1/0416/7847/1329/collections/Covered_Patio_Tile_-_Frontier20_Deco_Look.png?v=1711373771,Covered Patio Tile,Covered Patio Tile - Architessa
https://cdn.shopify.com/s/files/1/0416/7847/1329/collections/Feature_Wall_Tile_-_Metal_Matrix.png?v=1711373771,Feature Wall,Feature Wall - Architessa
https://cdn.shopify.com/s/files/1/0416/7847/1329/collections/Shower_Floor_-_Davenport.png?v=1711373779,Shower Floor,Shower Floor - Architessa
https://cdn.shopify.com/s/files/1/0416/7847/1329/collections/Napoleon.png?v=1681243030,Hexagon,Hexagon
https://cdn.shopify.com/s/files/1/0416/7847/1329/collections/8d53dd4ce71bab936618cfe3066ca995.jpg?v=1711373768,Arabesque & Lantern,Arabesque & Lantern - Architessa
https://cdn.shopify.com/s/files/1/0416/7847/1329/collections/fanfare_white_circle_wall_3.jpg?v=1742389969,Circle & Oval Tile,
https://cdn.shopify.com/s/files/1/0416/7847/1329/collections/Emotion.png?v=1681243496,Plank,Plank Shaped Tile
https://cdn.shopify.com/s/files/1/0416/7847/1329/collections/Align.png?v=1681244739,Basketweave & Woven,Basketweave
https://cdn.shopify.com/s/files/1/0416/7847/1329/collections/RUE_PIERRE_BLANC_ANT_12_OCTAGON.png?v=1711373775,Octagon,Octagon - Architessa
https://cdn.shopify.com/s/files/1/0416/7847/1329/collections/Divine.png?v=1681244496,Waterjet & Freeform,Waterjet Mosaic
https://cdn.shopify.com/s/files/1/0416/7847/1329/collections/Fanfare.png?v=1681243898,Scallop & Fan,Scallop Fan Tile
https://cdn.shopify.com/s/files/1/0416/7847/1329/collections/c144e232a7f7ab494712e5838ab8f186.png?v=1711373771,Diamond,Diamond - Architessa
https://cdn.shopify.com/s/files/1/0416/7847/1329/collections/c92dc5bed6f044aad38c6c5f131d964f.png?v=1711373768,Chevron,Chevron - Architessa
https://cdn.shopify.com/s/files/1/0416/7847/1329/collections/9acda50c33990c54564fc88a89cff39f.png?v=1711373771,Geometric,Geometric - Architessa
https://cdn.shopify.com/s/files/1/0416/7847/1329/collections/Divergent_-_Linear.png?v=1711373771,Culturebrick & Linear Tile,Culturebrick & Linear Tile - Architessa
https://cdn.shopify.com/s/files/1/0416/7847/1329/collections/f521be6c467383f1d821c7e5d956e561.png?v=1681305482,Brick,Brick Shaped Tile
https://cdn.shopify.com/s/files/1/0416/7847/1329/collections/Beyond.png?v=1681243676,Rectangle,Rectangle Shaped Tile
https://cdn.shopify.com/s/files/1/0416/7847/1329/collections/Palatial.png?v=1711373779,Square,Square - Architessa
https://cdn.shopify.com/s/files/1/0416/7847/1329/collections/Boutique_Sleek.png?v=1711373767,Beveled,Beveled - Architessa
https://cdn.shopify.com/s/files/1/0416/7847/1329/collections/pure_atlas_point-reyes_inspo.jpg?v=1729529143,All Shapes,
https://cdn.shopify.com/s/files/1/0416/7847/1329/collections/checkerboard_teaser_6.png?v=1742390193,Residential Light Traffic,
https://cdn.shopify.com/s/files/1/0416/7847/1329/collections/Commercial_Light_Traffic_-_WOW_Cottage.png?v=1711373768,Commercial Light Traffic,Commercial Light Traffic - Architessa
https://cdn.shopify.com/s/files/1/0416/7847/1329/collections/stonetech_stone_tile_cleaner_qgoz_600x_jpg.webp?v=1711373768,Clean & Seal,Clean & Seal - Architessa
https://cdn.shopify.com/s/files/1/0416/7847/1329/collections/SLIMWOOD_modern.png?v=1729529072,Modern & Minimalist,
https://cdn.shopify.com/s/files/1/0416/7847/1329/collections/subway_hustle_5f48cff6-cfb9-4aae-aaa3-5e96d77e06c7.jpg?v=1711373779,Subway & Brick,Subway & Brick - Architessa
https://cdn.shopify.com/s/files/1/0416/7847/1329/collections/Hollywood_Regency_geometric_mosaic.jpg?v=1682368998,Hollywood Regency,Mens dress shoes on black and white mosaic tile
https://cdn.shopify.com/s/files/1/0416/7847/1329/collections/craftsman_sequoia.webp?v=1711373771,Craftsman,Craftsman - Architessa
https://cdn.shopify.com/s/files/1/0416/7847/1329/collections/Maximalist.png?v=1711373775,Maximalist,Maximalist - Architessa
https://cdn.shopify.com/s/files/1/0416/7847/1329/collections/04f57eac5468191d8c1eadbd6c615c05.jpg?v=1711373779,Rustic,Rustic - Architessa
https://cdn.shopify.com/s/files/1/0416/7847/1329/collections/scandinavian_sherwood.jpg?v=1711373779,Scandinavian,Scandinavian - Architessa
https://cdn.shopify.com/s/files/1/0416/7847/1329/collections/Greige.png?v=1711373771,Greige,Greige - Architessa
https://cdn.shopify.com/s/files/1/0416/7847/1329/collections/Pool_Tile_-_Taza.png?v=1711373775,Pool Tile,Pool Tile - Architessa
https://cdn.shopify.com/s/files/1/0416/7847/1329/collections/CR1QSRusticCladdingQuartziteSilverStoneExteriorWallPool-min1-min_900x_6b513f7a-1bec-4932-99f3-579611302c5a.webp?v=1711373768,Cladding & Facade,Cladding - Architessa
https://cdn.shopify.com/s/files/1/0416/7847/1329/collections/288112574625.webp?v=1711373783,USA Made,USA Made - Architessa
https://cdn.shopify.com/s/files/1/0416/7847/1329/collections/d1c442dc9ac81c726a2d639a38f36a88.jpg?v=1711373779,Recycled Content 10,Recycled Content 10 - Architessa
https://cdn.shopify.com/s/files/1/0416/7847/1329/collections/4b2b72c96c5efdd791fc25160f3b4037.jpg?v=1711373779,Recycled Content 20,Recycled Content 20 - Architessa
https://cdn.shopify.com/s/files/1/0416/7847/1329/collections/4e02df5433a9cd0a8e40e5dd1ba4942a.jpg?v=1711373775,Landscape Architecture,Landscape Architecture - Architessa
https://cdn.shopify.com/s/files/1/0416/7847/1329/collections/2bf9a0df484d457e8dcad01fee148244.jpg?v=1711373771,Engineered Wood,Engineered Wood - Architessa
https://cdn.shopify.com/s/files/1/0416/7847/1329/collections/Perfect-Pebble-Birds-Egg-Blend-184_2000x_df71ba4f-7665-490b-902b-0cbcc20f15ba.webp?v=1711373775,Pebble Tile,Pebble Tile - Architessa
https://cdn.shopify.com/s/files/1/0416/7847/1329/collections/4229181baf62e72bd78667dd7c8c7185.png?v=1711373783,Thresholds & Trim,Thresholds & Trim - Architessa
https://cdn.shopify.com/s/files/1/0416/7847/1329/collections/tools.png?v=1711373783,Tools,Tools - Architessa
https://cdn.shopify.com/s/files/1/0416/7847/1329/collections/cove_base_6x12_f4c0bb68-c1c8-4163-a92a-08aff856db23_2000x_png.webp?v=1711373771,Cove Base,Cove Base - Architessa
https://cdn.shopify.com/s/files/1/0416/7847/1329/collections/stock_natural_stone_blue_tides_portfolio.png?v=1711373779,Stock Natural Stone,Stock Natural Stone - Architessa
https://cdn.shopify.com/s/files/1/0416/7847/1329/collections/stock_porcelain_artem.png?v=1711373779,Stock Porcelain,Stock Porcelain - Architessa
https://cdn.shopify.com/s/files/1/0416/7847/1329/collections/stock_ceramic_-_basics.png?v=1711373779,Stock Ceramic,Stock Ceramic - Architessa
https://cdn.shopify.com/s/files/1/0416/7847/1329/collections/stock_sale_-_calacatta_chablis.png?v=1711373779,Stock Sale,Stock Sale - Architessa
https://cdn.shopify.com/s/files/1/0416/7847/1329/collections/stock_accessories_niche.png?v=1711373779,Stock Accessories,Stock Accessories - Architessa
https://cdn.shopify.com/s/files/1/0416/7847/1329/collections/Learning_Center_porcelain_care_1.png?v=1711373779,Stock Sundries,Stock Sundries - Architessa
https://cdn.shopify.com/s/files/1/0416/7847/1329/collections/Stock_Specialty_-_terra.png?v=1711373779,Stock Specialty,Stock Specialty - Architessa
https://cdn.shopify.com/s/files/1/0416/7847/1329/collections/Stock_Glass_-_batik.png?v=1711373779,Stock Glass,Stock Glass - Architessa
https://cdn.shopify.com/s/files/1/0416/7847/1329/collections/Stock_Cement_-_adorn.png?v=1711373779,Stock Cement,Stock Cement - Architessa
https://cdn.shopify.com/s/files/1/0416/7847/1329/collections/stock_USA_made_-_abode.png?v=1711373779,Stock USA Made,Stock USA Made - Architessa
https://cdn.shopify.com/s/files/1/0416/7847/1329/collections/tesuque_bianco_assoluto_80x80_majolica_lux_azure_part_bagno_1.jpg?v=1729529023,Color Body Porcelain,
https://cdn.shopify.com/s/files/1/0416/7847/1329/collections/strand-ash-10074_ae165e25-ce54-4682-9660-ffaf626aefbe.jpg?v=1742388322,Glazed Porcelain,
https://cdn.shopify.com/s/files/1/0416/7847/1329/collections/i_Moons_Jazz_Club_Dark_Multi_CUTMWJMOON6DK_1000x_jpg.webp?v=1711373766,Art & Murals,Art & Murals - Architessa
https://cdn.shopify.com/s/files/1/0416/7847/1329/collections/f9365bf0b0acbde28ecc3601d61ad734.jpg?v=1711373771,Cradle to Cradle Certified Collections,Crade to Cradle Certified Collections - Architessa
https://cdn.shopify.com/s/files/1/0416/7847/1329/collections/cbc9c7acc43f5ac9df23240edab0deda.jpg?v=1711373779,Recycled Content 40,Recycled Content 40 - Architessa
https://cdn.shopify.com/s/files/1/0416/7847/1329/collections/e6062646c3a2c8fd075cfb3e28f07d65.jpg?v=1711373779,Porcelain Slabs/Panels,Porcelain Slabs/Panels - Architessa
https://cdn.shopify.com/s/files/1/0416/7847/1329/collections/centurywoodinstall2.jpg?v=1742390393,Parquet,
https://cdn.shopify.com/s/files/1/0416/7847/1329/collections/FR20ESSENCEGREY_PATIO_1440x_jpg.webp?v=1711373765,Frontier20 All Collections,Frontier20 All Collections - Architessa
https://cdn.shopify.com/s/files/1/0416/7847/1329/collections/luxury_calacatta_1440x_jpg.webp?v=1711373765,Checkerboard Tile Collections,Checkerboard Tile Collections - Architessa
https://cdn.shopify.com/s/files/1/0416/7847/1329/collections/Stock_Slabs_-_elevated.png?v=1711373765,Stock Slabs/Panels,Stock Slabs/Panels - Architessa
https://cdn.shopify.com/s/files/1/0416/7847/1329/collections/schluter_trim.png?v=1711373765,Schluter Trim,Schluter Trim - Architessa
https://cdn.shopify.com/s/files/1/0416/7847/1329/collections/Ivory.png?v=1711373771,Ivory,Ivory - Architessa
https://cdn.shopify.com/s/files/1/0416/7847/1329/collections/Pink.png?v=1711373775,Pink,Pink - Architessa
https://cdn.shopify.com/s/files/1/0416/7847/1329/collections/Orange.png?v=1711373775,Orange,Orange - Architessa
https://cdn.shopify.com/s/files/1/0416/7847/1329/collections/Purple.png?v=1711373779,Purple,Purple - Architessa
https://cdn.shopify.com/s/files/1/0416/7847/1329/collections/Silver.png?v=1681305814,Silver,Silver
https://cdn.shopify.com/s/files/1/0416/7847/1329/collections/Gold.png?v=1711373771,Gold,Gold - Architessa
https://cdn.shopify.com/s/files/1/0416/7847/1329/collections/Unknown.webp?v=1711373767,12x24 Porcelain,12x24 Porcelain - Architessa
https://cdn.shopify.com/s/files/1/0416/7847/1329/collections/multifamily_floor_portland.jpg?v=1711373775,Multifamily Unit Flooring & Tub Surround,Multifamily Unit Flooring & Tub Surround - Architessa
https://cdn.shopify.com/s/files/1/0416/7847/1329/collections/multifamily_backsplash_metal_matrix.jpg?v=1711373775,Multifamily Unit Backsplash,Multifamily Unit Backsplash - Architessa
https://cdn.shopify.com/s/files/1/0416/7847/1329/collections/mosa-core-collection-terra-blue_239.jpg?v=1742389203,36x36,
https://cdn.shopify.com/s/files/1/0416/7847/1329/collections/24x24_palatial.jpg?v=1711373767,24x24,24x24 - Architessa
https://cdn.shopify.com/s/files/1/0416/7847/1329/collections/Declare-logo-transparent-2_png.webp?v=1711373771,DECLARE Certified Collections,DECLARE Certified Collections - Architessa
https://cdn.shopify.com/s/files/1/0416/7847/1329/collections/137552b2-2561-4449-8a43-988224085195.png?v=1711373783,Tile Collections with Recycled Content,Tile Collections with Recycled Content - Architessa
https://cdn.shopify.com/s/files/1/0416/7847/1329/collections/greenguard.png?v=1711373771,Greenguard Certified Collections,Greenguard Certified Collections - Architessa
https://cdn.shopify.com/s/files/1/0416/7847/1329/collections/HPDC-Collaborative2.png?v=1711373772,HPD & EPD,HPD & EPD - Architessa
https://cdn.shopify.com/s/files/1/0416/7847/1329/collections/Mindful-logo-Transparentbackground.png?v=1711373775,mindful MATERIALS,mindful MATERIALS - Architessa
https://cdn.shopify.com/s/files/1/0416/7847/1329/collections/badge.png?v=1711373775,LBC Red List Free Collections,LBC Red List Free Collections - Architessa
https://cdn.shopify.com/s/files/1/0416/7847/1329/collections/neotropical_black_mix_20x20_nat_ret_amb_01_webp.jpg?v=1711373779,Portobello,Portobello - Architessa
https://cdn.shopify.com/s/files/1/0416/7847/1329/collections/WALL-SILKandLINEN.jpg?v=1711373771,Contractor Collections,Contractor Collections - Architessa
https://cdn.shopify.com/s/files/1/0416/7847/1329/collections/elevated_white_paradise_3_sq.jpg?v=1711373779,Porcelain Slabs/Panels 6mm,Porcelain Slabs/Panels 6mm - Architessa
https://cdn.shopify.com/s/files/1/0416/7847/1329/collections/ElevatedCalacattaGoldinstall2.jpg?v=1711373779,Porcelain Slabs/Panels 12mm,Porcelain Slabs/Panels 12mm - Architessa
https://cdn.shopify.com/s/files/1/0416/7847/1329/collections/loopline_arco-off-white-mt-15_5x15_5cm-foto-taito-estudio-producao-debbie-apsan-amb03.jpg?v=1742387656,6x6,
https://cdn.shopify.com/s/files/1/0416/7847/1329/collections/landmark-contract-catalog2018-14.jpg?v=1711373783,USA Made Contract Pricing,USA Made Contract Pricing - Architessa
https://cdn.shopify.com/s/files/1/0416/7847/1329/collections/decade_install_square_blue.jpg?v=1742387217,Retro,
https://cdn.shopify.com/s/files/1/0416/7847/1329/collections/boweri_bathroom_foresta.jpg?v=1742387800,Vintage,
https://cdn.shopify.com/s/files/1/0416/7847/1329/collections/install_Pinnacle_Fete_China_Black_SPINFETE_Bar_webp.jpg?v=1714600673,Fluted,
https://cdn.shopify.com/s/files/1/0416/7847/1329/collections/plumb_panels_install_oak_slat_natural_30x120_e38b0212-1a67-4b86-8509-6b2ea0ddde2a.jpg?v=1714602173,Wood Slat Tile,
https://cdn.shopify.com/s/files/1/0416/7847/1329/collections/Habitat_terra_sq.png?v=1730321032,Terracotta Tile,
https://cdn.shopify.com/s/files/1/0416/7847/1329/collections/tangier_classic_4x4_fez_white_gloss.jpg?v=1730325016,Zellige Tile & Bejmat Tile,
https://cdn.shopify.com/s/files/1/0416/7847/1329/collections/pastelaria-velvet-graffi-10260.jpg?v=1733848398,Top Sampled Tiles 2024,
https://cdn.shopify.com/s/files/1/0416/7847/1329/collections/architessa_pembrooke_rouge.jpg?v=1742389461,Sweet Color Pairings,
https://cdn.shopify.com/s/files/1/0416/7847/1329/collections/alto_ligne_fumee_closeup_scene_ce2dd205-8644-468d-9513-d77ad371ac36.jpg?v=1742387751,Quick Ship Lead Time,
https://cdn.shopify.com/s/files/1/0416/7847/1329/files/Ultimate2.0-perla_ocean_storm-_-_-2412-amb4-bathroom.jpg?v=1749762756,Ultimate 2.0,
https://cdn.shopify.com/s/files/1/0416/7847/1329/files/CollinsEsmeBeaconBurgundyHonedNaturalStoneMosaic_Lifestyle_CAM_02.jpg?v=1733774509,Collins Special Order,
https://cdn.shopify.com/s/files/1/0416/7847/1329/files/alchemy_darkgrey_60x120_amb_camera.jpg?v=1749762756,Alchemy,
https://cdn.shopify.com/s/files/1/0416/7847/1329/products/sampleboxicon_1eae8e23-80b1-42b0-baa0-b06529a884ba.png?v=1694552439,24x48 Opaline Oro Stream Natural Rectified Wall Deco (12x24 Cut Sample Size),12x24 Opaline Oro Natural Rectified Field Tile (4x4 Cut Sample Size) - Architessa
https://cdn.shopify.com/s/files/1/0416/7847/1329/files/blanche_bath_room.png?v=1737144420,Blanche,
https://cdn.shopify.com/s/files/1/0416/7847/1329/files/PopCultureblackdecoroomwall_1.jpg?v=1739195856,Pop Culture,
https://cdn.shopify.com/s/files/1/0416/7847/1329/files/beacon-evoke-calico-g-art-glass-install.jpg?v=1736533136,Beacon,
https://cdn.shopify.com/s/files/1/0416/7847/1329/files/PalazzoViolawallsq.png?v=1736948859,Palazzo,
https://cdn.shopify.com/s/files/1/0416/7847/1329/files/element_color_liner_layout-3.jpg?v=1737411148,Element,
https://cdn.shopify.com/s/files/1/0416/7847/1329/files/bluestone_lounge-hotel-restaurant_p2_lr_rgb.jpg?v=1749762755,Bluestone,
https://cdn.shopify.com/s/files/1/0416/7847/1329/files/trifecta_rust_ctr-le23-apr010-1a_7.jpg?v=1741376636,Trifecta,
https://cdn.shopify.com/s/files/1/0416/7847/1329/files/blok_blue_sink.jpg?v=1749762680,Blok,
https://cdn.shopify.com/s/files/1/0416/7847/1329/files/modhaus_celeste_bars_backsplash.png?v=1749762690,Modhaus,
https://cdn.shopify.com/s/files/1/0416/7847/1329/files/FitzTetrisOurowall.png?v=1738601341,Fitz,
https://cdn.shopify.com/s/files/1/0416/7847/1329/files/loopline_arco-off-white-mt-15_5x15_5cm-foto-taito-estudio-producao-debbie-apsan-amb03.jpg?v=1741376616,Loopline,
https://cdn.shopify.com/s/files/1/0416/7847/1329/files/HuesInstallSky.jpg?v=1742397352,Hues Colors,
https://cdn.shopify.com/s/files/1/0416/7847/1329/files/prefab_emerge_glacier_pearl_bathroom-0683.jpg?v=1749762677,Pre-Fab Emerge,
https://cdn.shopify.com/s/files/1/0416/7847/1329/files/horizon_room_scene_platinum.jpg?v=1742922846,Horizon,
https://cdn.shopify.com/s/files/1/0416/7847/1329/files/peppy_bluebelle_1.png?v=1743600513,Peppy Bejmat,
https://cdn.shopify.com/s/files/1/0416/7847/1329/files/peppy_starry_sky_de96823a-f4a8-43f0-8138-48aec5076276.png?v=1743625252,Peppy,
https://cdn.shopify.com/s/files/1/0416/7847/1329/files/sapienstone_white_calacatta-_-_-_-amb5-kitchen.jpg?v=1745953403,Sapienstone,
https://cdn.shopify.com/s/files/1/0416/7847/1329/files/PopCultureChessQueen1PCUPB_WCQU8MA_2.jpg?v=1749762682,Pop Culture Floor,
https://cdn.shopify.com/s/files/1/0416/7847/1329/files/reed_imbrunito_20x120_elements_lombarda_sabbia_60x120_amb_bagno.jpg?v=1749762652,Reed,
https://cdn.shopify.com/s/files/1/0416/7847/1329/files/shiori_wall_tile_and_origami_deco_marine.jpg?v=1744736341,Shiori,
https://cdn.shopify.com/s/files/1/0416/7847/1329/files/VermillionRoomScene_2.jpg?v=1749762652,Vermillion,
https://cdn.shopify.com/s/files/1/0416/7847/1329/files/Brompton.jpg?v=1746021965,Brompton,
https://cdn.shopify.com/s/files/1/0416/7847/1329/files/sakura_dolomiti_sakura_falls_ssakbdmh_1000x_dc43e74f-4049-4281-a25a-c3f51688a7f9.jpg?v=1744902886,Sakura,
https://cdn.shopify.com/s/files/1/0416/7847/1329/files/ro-origami-stillness-inspo_22c4c190-2f38-434f-8ce1-6bbf27f4cd9d.jpg?v=1749762574,Ro,
https://cdn.shopify.com/s/files/1/0416/7847/1329/files/trail_02_ristorante-con-lounge_beige.webp?v=1749762565,Trail,
https://cdn.shopify.com/s/files/1/0416/7847/1329/files/abbey_road_nero_veronese_nero_01_sabbyneromh_yveroblkh24_1000x_33e19827-505c-4516-a7d4-353529cc300b.jpg?v=1747923980,Abbey Road,
https://cdn.shopify.com/s/files/1/0416/7847/1329/files/regency-4x8-antiqued-bronze-c-install-web.jpg?v=1748380049,Regency,
https://cdn.shopify.com/s/files/1/0416/7847/1329/files/base_room_scenes.jpg?v=1749576251,Base,
https://cdn.shopify.com/s/files/1/0416/7847/1329/files/RD-OxfordBrick-Fog-RoomScene.png?v=1749762565,Oxford Brick,
https://cdn.shopify.com/s/files/1/0416/7847/1329/files/LMK_Atelier_Flute_Spirit_Elegant_Oak_Dining_HR_web_8ef9a05a-6a54-4895-8e59-71d1802bb7bb.jpg?v=1749762565,Atelier,
https://cdn.shopify.com/s/files/1/0416/7847/1329/files/medina_bianco_perlino_backsplash_2.jpg?v=1748537630,Medina,
https://cdn.shopify.com/s/files/1/0416/7847/1329/files/lmk_contract_25_siena_sand_12x24-web_9e35e316-2295-43f1-8c6a-4327d616fc01.jpg?v=1749762565,Siena Stone,
https://cdn.shopify.com/s/files/1/0416/7847/1329/files/glossia_blue_3x24_2025-06-17_at_1.03.15_pm.png?v=1750180297,Glossia,
https://cdn.shopify.com/s/files/1/0416/7847/1329/files/JengaPlaywoodPureOak20x120Brick5x30TDMPureOnyxBlackAmbCucina.jpg.1920x1080_q75_crop.jpg?v=1750176271,Jenga,
https://cdn.shopify.com/s/files/1/0416/7847/1329/files/meld_fendi_2.5x9_glossy_pressed_pba_cookville2003.jpg?v=1750174194,Meld,
https://cdn.shopify.com/s/files/1/0416/7847/1329/files/zink_raya_aqua_blend_raya.jpg?v=1751308494,Zink,
https://cdn.shopify.com/s/files/1/0416/7847/1329/files/quadria_install_carrara_lovina_grey.jpg?v=1751899354,Quadria,
https://cdn.shopify.com/s/files/1/0416/7847/1329/files/Octaviainstallafyonwhiteandbellini.jpg?v=1751463295,Octavia,
https://cdn.shopify.com/s/files/1/0416/7847/1329/files/sample_box_icon_2a6f9f9d-2b22-4ec6-a213-e4d67a02f86c.png?v=1714076875,12x24 Clermont Ondule Blue Glossy Rectified Wall Tile - 204685E,
https://cdn.shopify.com/s/files/1/0416/7847/1329/files/sample_box_icon_2a6f9f9d-2b22-4ec6-a213-e4d67a02f86c.png?v=1714076875,12x24 Clermont Ondul Vert Glossy Rectified Wall Tile - 204686E,
https://cdn.shopify.com/s/files/1/0416/7847/1329/files/adena_blue_blend_calacatta_gold_bathroom_crop_1000x_0cc42ed6-a771-47d7-8727-3f50eb286353.webp?v=1752693202,Adena By Lori Weitzner,
https://cdn.shopify.com/s/files/1/0416/7847/1329/files/mina_12x12-v1.jpg?v=1752788711,Mina,
https://cdn.shopify.com/s/files/1/0416/7847/1329/files/MEDIAN2x2BGWhiteDot_SeattleCinzaUP24x48.jpg?v=1754505386,Median,
https://cdn.shopify.com/s/files/1/0416/7847/1329/files/PITCHWHITEPICKETMOSAIC30x30.jpg?v=1753982358,Pitch,
https://cdn.shopify.com/s/files/1/0416/7847/1329/files/Rinkitchen.jpg?v=1757086061,Rin,
https://cdn.shopify.com/s/files/1/0416/7847/1329/files/patch_bedroom_close_up_6.5in_star_clm50_dusty_rose_5in_cross_clm100_burnt_umber.jpg?v=1755273443,Patch,
https://cdn.shopify.com/s/files/1/0416/7847/1329/files/productgroupcolor_6344_pba_amb3d_208940_e_beton_platina_elementar_18x48_mate_ret_208891_e_beton_platina_st_48x48_nat_ret_cena_08.jpg?v=1755610526,Beton,
https://cdn.shopify.com/s/files/1/0416/7847/1329/files/fractura_guell_rila_2.jpg?v=1755607455,Fractura,
https://cdn.shopify.com/s/files/1/0416/7847/1329/files/suede_green_white_bath.jpg?v=1755278273,Suede,
https://cdn.shopify.com/s/files/1/0416/7847/1329/files/DYADPAVOFRENCHVANILLA_H_WITHODEONBEIGE_H_2.jpg?v=1757355570,Dyad,
https://cdn.shopify.com/s/files/1/0416/7847/1329/files/pisces_calacatta_room_scene_pm.png?v=1758229675,Pisces,
https://cdn.shopify.com/s/files/1/0416/7847/1329/collections/233593929889.webp?v=1711373768,Ceramic,Ceramic - Architessa
https://cdn.shopify.com/s/files/1/0416/7847/1329/collections/encaustic_florence.jpg?v=1711373771,Encaustic Look,Encaustic Look - Architessa
https://cdn.shopify.com/s/files/1/0416/7847/1329/collections/233768976545.webp?v=1682366478,Porcelain,A bathroom with blue Currents tiles installed
https://cdn.shopify.com/s/files/1/0416/7847/1329/collections/pattern_braga.jpg?v=1711373775,Pattern,Pattern - Architessa
https://cdn.shopify.com/s/files/1/0416/7847/1329/collections/stone_look_currents.jpg?v=1711373779,Stone Look,Stone Look - Architessa
https://cdn.shopify.com/s/files/1/0416/7847/1329/collections/3d_boho.jpg?v=1711373771,Dimensional 3D,Dimensional 3D - Architessa
https://cdn.shopify.com/s/files/1/0416/7847/1329/collections/wood_look_love_affairs.jpg?v=1711373783,Wood Look,Wood Look - Architessa
https://cdn.shopify.com/s/files/1/0416/7847/1329/collections/subway_hustle.jpg?v=1711373779,Subway Tile,Subway Tile - Architessa
https://cdn.shopify.com/s/files/1/0416/7847/1329/collections/Just_in_Cache.png?v=1738594519,Just In,Just In - Architessa
https://cdn.shopify.com/s/files/1/0416/7847/1329/collections/new_for_2023_-_meriba.png?v=1711373765,New Arrivals,New for 2024 - Architessa
https://cdn.shopify.com/s/files/1/0416/7847/1329/collections/Coastal_prime_blue.jpg?v=1711373766,Coastal,Coastal - Architessa
https://cdn.shopify.com/s/files/1/0416/7847/1329/collections/1bc9a7f25abd2400a98328e2585184f0.jpg?v=1711373771,Contemporary,Contemporary - Architessa
https://cdn.shopify.com/s/files/1/0416/7847/1329/collections/Industrial_diesel_industrial_glass.jpg?v=1711373771,Industrial,Industrial - Architessa
https://cdn.shopify.com/s/files/1/0416/7847/1329/collections/Global_Fusion_Palms_Midnight_Matte_KitchenBacksplash.jpg?v=1711373771,Global Fusion,Global Fusion - Architessa
https://cdn.shopify.com/s/files/1/0416/7847/1329/collections/Mediterranean_taza_biscuit_matt_tan_matt.jpg?v=1711373775,Mediterranean,Mediterranean - Architessa
https://cdn.shopify.com/s/files/1/0416/7847/1329/collections/mid-century_modern_baywood.png?v=1711373775,Mid-Century Modern,Mid-Century Modern - Architessa
https://cdn.shopify.com/s/files/1/0416/7847/1329/collections/illusion_install_4_900x_fddcec30-7b26-4832-bd44-78127e167211.webp?v=1711373775,Minimalist,Minimalist - Architessa
https://cdn.shopify.com/s/files/1/0416/7847/1329/collections/modern_diesel_fence.jpg?v=1711373775,Modern,Modern - Architessa
https://cdn.shopify.com/s/files/1/0416/7847/1329/collections/8a44f6a61ab95eb3879a7b68945666eb.jpg?v=1711373775,Outdoor Tile,Outdoor Tile - Architessa
https://cdn.shopify.com/s/files/1/0416/7847/1329/collections/traditional_prime.jpg?v=1711373783,Traditional,Traditional - Architessa
https://cdn.shopify.com/s/files/1/0416/7847/1329/collections/transitional_terra_rones.jpg?v=1711373783,Transitional,Transitional - Architessa
https://cdn.shopify.com/s/files/1/0416/7847/1329/collections/retro_flora_cement.jpg?v=1711373779,Retro Vintage,Retro Vintage - Architessa
https://cdn.shopify.com/s/files/1/0416/7847/1329/collections/directional_genesis.jpg?v=1711373771,Directional,Directional - Architessa
https://cdn.shopify.com/s/files/1/0416/7847/1329/collections/metal_matrix_install_gun_metal_floor.jpg?v=1742388249,Field Tile,
https://cdn.shopify.com/s/files/1/0416/7847/1329/collections/8bcd28584f8d30c1e198f1def4bbcd10.png?v=1711373775,Mosaic,Mosaic - Architessa
https://cdn.shopify.com/s/files/1/0416/7847/1329/collections/White.png?v=1711373783,White,White - Architessa
https://cdn.shopify.com/s/files/1/0416/7847/1329/collections/Grey.png?v=1711373771,Grey,Grey - Architessa
https://cdn.shopify.com/s/files/1/0416/7847/1329/collections/Red.png?v=1711373779,Red,Red - Architessa
https://cdn.shopify.com/s/files/1/0416/7847/1329/collections/Blue.png?v=1711373766,Blue,Blue - Architessa
https://cdn.shopify.com/s/files/1/0416/7847/1329/collections/Yellow.png?v=1711373783,Yellow,Yellow - Architessa
https://cdn.shopify.com/s/files/1/0416/7847/1329/collections/strand-ash-10074.jpg?v=1729529280,Concrete Look,
https://cdn.shopify.com/s/files/1/0416/7847/1329/collections/farmhouse_Wow_love_affairs.jpg?v=1711373771,Farmhouse,Farmhouse - Architessa
https://cdn.shopify.com/s/files/1/0416/7847/1329/collections/kaleidoscope_cube_web.jpg?v=1742390663,Waterjet,
https://cdn.shopify.com/s/files/1/0416/7847/1329/collections/travertine_fr20.jpg?v=1711373783,Travertine Look,Travertine Look - Architessa
https://cdn.shopify.com/s/files/1/0416/7847/1329/collections/Backsplash_Tile_-_Overlook.png?v=1711373766,Backsplash,Backsplash - Architessa
https://cdn.shopify.com/s/files/1/0416/7847/1329/collections/seton_petrolio_amaranto.png?v=1742390927,Resin,
https://cdn.shopify.com/s/files/1/0416/7847/1329/collections/Luna-Splitface-and-Stone-Tiles-web.jpg?v=1729529434,Textured Look,
https://cdn.shopify.com/s/files/1/0416/7847/1329/collections/atlas_slate_black_nat_mosaico_particolare_bagno.jpg?v=1742389701,Slate Look,
https://cdn.shopify.com/s/files/1/0416/7847/1329/collections/marble_look_art_house_rel.jpg?v=1711373775,Marble Look,Marble Look - Architessa
https://cdn.shopify.com/s/files/1/0416/7847/1329/collections/Metallic_05067d27-8f4c-4ed9-be03-19198fe80960.png?v=1711373775,Metallic Look,Metallic Look - Architessa
https://cdn.shopify.com/s/files/1/0416/7847/1329/collections/monochromatic_hustle_hex.jpg?v=1711373775,Monochromatic,Monochromatic - Architessa
https://cdn.shopify.com/s/files/1/0416/7847/1329/collections/limestone_entrada.jpg?v=1711373775,Limestone Sandstone Look,Limestone Sandstone Look - Architessa
https://cdn.shopify.com/s/files/1/0416/7847/1329/collections/install_Tuxedo_Park_Bugle_Blue_Blend_Mosaic_Bathroom_Shower_Hillsdale_NY_1000x_1080x_ac751582-010a-456b-a09f-f516e3832249.webp?v=1711373771,Glass Tile,Glass Tile - Architessa
https://cdn.shopify.com/s/files/1/0416/7847/1329/collections/Mediterranean_taza_biscuit_matt_tan_matt_cde10615-9281-4ec3-b502-6195917b6c8f.jpg?v=1711373783,Terracotta Cotto Look,Terracotta Cotto Look - Architessa
https://cdn.shopify.com/s/files/1/0416/7847/1329/collections/fabric_crash.jpg?v=1711373771,Fabric,Fabric - Architessa
https://cdn.shopify.com/s/files/1/0416/7847/1329/collections/brickworld_soho_cotto_cafe_close_up.jpg?v=1729528227,Brick Look,
https://cdn.shopify.com/s/files/1/0416/7847/1329/collections/235262509217.webp?v=1711373775,Natural Stone,Natural Stone - Architessa
https://cdn.shopify.com/s/files/1/0416/7847/1329/collections/guimardbath.webp?v=1729529334,Polished,
https://cdn.shopify.com/s/files/1/0416/7847/1329/collections/Gamut.png?v=1742389896,Paint,
https://cdn.shopify.com/s/files/1/0416/7847/1329/collections/Exterior_Tile_-_Bluestone.png?v=1711373771,Exterior,Exterior - Architessa
https://cdn.shopify.com/s/files/1/0416/7847/1329/collections/Fireplace_Surround_-_Globe.png?v=1711373771,Fireplace Surround,Fireplace Surround - Architessa
https://cdn.shopify.com/s/files/1/0416/7847/1329/collections/Kitchen.jpg?v=1729527823,Kitchen,
https://cdn.shopify.com/s/files/1/0416/7847/1329/collections/Kitchen_Floor_Tile_-_Jetty.png?v=1711373771,Kitchen Floor,Kitchen Floor - Architessa
https://cdn.shopify.com/s/files/1/0416/7847/1329/collections/7ff542a32d1de5fe007f4f9882b13d83.png?v=1711373775,Pavers,Pavers - Architessa
https://cdn.shopify.com/s/files/1/0416/7847/1329/collections/Shower_Wall_-Kiln_Penny.png?v=1711373779,Shower Wall,Shower Wall - Architessa
https://cdn.shopify.com/s/files/1/0416/7847/1329/collections/Seton.png?v=1711373783,Wall Tile,Wall Tile - Architessa
https://cdn.shopify.com/s/files/1/0416/7847/1329/collections/Mississippi_Moire.png?v=1727788034,Wall Only,
https://cdn.shopify.com/s/files/1/0416/7847/1329/collections/Beige.png?v=1711373767,Beige,Beige - Architessa
https://cdn.shopify.com/s/files/1/0416/7847/1329/collections/Brown.png?v=1711373768,Brown,Brown - Architessa
https://cdn.shopify.com/s/files/1/0416/7847/1329/collections/Cream.png?v=1711373771,Cream,Cream - Architessa
https://cdn.shopify.com/s/files/1/0416/7847/1329/collections/Green.png?v=1711373771,Green,Green - Architessa
https://cdn.shopify.com/s/files/1/0416/7847/1329/collections/Tan.png?v=1711373783,Tan,Tan - Architessa
https://cdn.shopify.com/s/files/1/0416/7847/1329/collections/Taupe.png?v=1711373783,Taupe,Taupe - Architessa
https://cdn.shopify.com/s/files/1/0416/7847/1329/collections/Multicolor.png?v=1711373775,Multicolor,Multicolor - Architessa
https://cdn.shopify.com/s/files/1/0416/7847/1329/collections/12x24.png?v=1711373766,12x24,12x24 - Architessa
https://cdn.shopify.com/s/files/1/0416/7847/1329/collections/4x6_riviera.jpg?v=1711373766,4x6,4x6 - Architessa
https://cdn.shopify.com/s/files/1/0416/7847/1329/collections/6x36_shale.jpg?v=1711373767,6x36,6x36 - Architessa
https://cdn.shopify.com/s/files/1/0416/7847/1329/collections/8x48_enigma_legno.jpg?v=1711373766,8x48,8x48 - Architessa
https://cdn.shopify.com/s/files/1/0416/7847/1329/collections/12x12_journey.jpg?v=1711373766,12x12,12x12 - Architessa
https://cdn.shopify.com/s/files/1/0416/7847/1329/collections/24x48_palatial.jpg?v=1711373767,24x48,24x48 - Architessa
https://cdn.shopify.com/s/files/1/0416/7847/1329/collections/38bb455ec990e2cad3f55b49420b6a99.jpg?v=1711373768,3x6,3x6 - Architessa
https://cdn.shopify.com/s/files/1/0416/7847/1329/collections/Black.png?v=1711373767,Black,Black - Architessa
https://cdn.shopify.com/s/files/1/0416/7847/1329/collections/arroyo_beige_parquet_mosaic_90026-rs1.jpg?v=1729529246,Neutrals,
https://cdn.shopify.com/s/files/1/0416/7847/1329/collections/screen_shot_2022-07-18_at_4.49.10_pm_1080x_d8fa71c1-70d0-463a-a37d-5d583f43c31f.webp?v=1711373771,Designer Collections,Designer Collections - Architessa
https://cdn.shopify.com/s/files/1/0416/7847/1329/collections/Commercial_Heavy_Traffic_-_Chicago.png?v=1711373768,Commercial Heavy Traffic,Commercial Heavy Traffic - Architessa
https://cdn.shopify.com/s/files/1/0416/7847/1329/collections/PopCultureblackdecoroomwall_1.jpg?v=1742387484,Indoor,
https://cdn.shopify.com/s/files/1/0416/7847/1329/collections/accessories.png?v=1711373768,Accessories,Accessories - Architessa
https://cdn.shopify.com/s/files/1/0416/7847/1329/collections/4b2e8c36f0e72b51856fb0f0daa24054.jpg?v=1711373775,Lauren Liess,Lauren Liess - Architessa
https://cdn.shopify.com/s/files/1/0416/7847/1329/collections/Black_59b5d84f-5eb8-484a-8130-e81fd69379c8.png?v=1711373771,Deco,Deco - Architessa
https://cdn.shopify.com/s/files/1/0416/7847/1329/collections/bac132436f940ef70fa927aa3f5c55d6.png?v=1711373775,Large Format Tile,Large Format Tile - Architessa
https://cdn.shopify.com/s/files/1/0416/7847/1329/collections/capsule_sq_flip.png?v=1729529214,All Products,
https://cdn.shopify.com/s/files/1/0416/7847/1329/collections/LassenInstallRestaurant_2000x_5a0bcd9a-aaa0-4a2c-abe1-e878e04764b6.webp?v=1711373775,Luxury Vinyl Plank,Luxury Vinyl Plank - Architessa
https://cdn.shopify.com/s/files/1/0416/7847/1329/collections/zellige_taza_d0102805-3be8-4777-8485-2dcc1fae1b09.jpg?v=1711373783,Zellige Look,Zellige Look - Architessa
https://cdn.shopify.com/s/files/1/0416/7847/1329/collections/8x8_vibes.jpg?v=1711373768,8x8,8x8 - Architessa
https://cdn.shopify.com/s/files/1/0416/7847/1329/collections/4x4_riviera.jpg?v=1711373768,4x4,4x4 - Architessa
https://cdn.shopify.com/s/files/1/0416/7847/1329/collections/3x12_ellis.jpg?v=1711373767,3x12,3x12 - Architessa
https://cdn.shopify.com/s/files/1/0416/7847/1329/collections/checkerboard_install_3_a0be4b7e-045e-4733-ae19-7efb03a78339.jpg?v=1742389536,Marble,
https://cdn.shopify.com/s/files/1/0416/7847/1329/collections/slab_elevated.jpg?v=1711373775,Natural Stone Slabs,Natural Stone Slabs - Architessa
https://cdn.shopify.com/s/files/1/0416/7847/1329/collections/Commercial_Traffic_-_Charme_Eco.png?v=1711373768,Commercial Traffic,Commercial Traffic - Architessa
https://cdn.shopify.com/s/files/1/0416/7847/1329/collections/Mosa-Terra-Tones-06_2000x_jpg.webp?v=1711373765,MOSA Collections,MOSA Collections - Architessa
https://cdn.shopify.com/s/files/1/0416/7847/1329/collections/f27263e1953c2d7177abdc91c78ac82b.jpg?v=1711373783,Terrazzo Look,Terrazzo Look - Architessa
https://cdn.shopify.com/s/files/1/0416/7847/1329/collections/a38e4f29ab47a3e10eb414759d26c979.jpg?v=1711373771,Installation Materials,Installation Materials - Architessa
https://cdn.shopify.com/s/files/1/0416/7847/1329/collections/grout_caulk.png?v=1711373771,Grout Caulk,Grout Caulk - Architessa
https://cdn.shopify.com/s/files/1/0416/7847/1329/collections/Himalaya.png?v=1681242872,Herringbone,Herringbone Tile
https://cdn.shopify.com/s/files/1/0416/7847/1329/collections/Method.png?v=1681243337,Penny Round,Penny Round
https://cdn.shopify.com/s/files/1/0416/7847/1329/collections/gradientinstallresidentialbathroomsink_greigeglosscrayon.jpg?v=1742388686,Picket,
https://cdn.shopify.com/s/files/1/0416/7847/1329/collections/spindrift_glass_glacier_gloss_shower-wall_rendering_island-stone-1200x792-e5f4572_1200x792_125216ab-720e-4a24-bd9f-563befaaff53.jpg?v=1742388532,Organic,
https://cdn.shopify.com/s/files/1/0416/7847/1329/collections/GeometricalHoneycombStaged2_2000x_c71c6dc5-fc65-4457-b977-2045231faa84.webp?v=1682366788,Specialty Tile,White hexagon marble tile with a bee emblem
https://cdn.shopify.com/s/files/1/0416/7847/1329/collections/all_stock_-_tangier.png?v=1711373768,All Stock Collections,All Stock Collections - Architessa
https://cdn.shopify.com/s/files/1/0416/7847/1329/collections/1659517504_1024x1024_2000x_3c8ca33f-fbf8-48ae-a030-0f074b79413f.webp?v=1711373768,Cement,Cement - Architessa
https://cdn.shopify.com/s/files/1/0416/7847/1329/collections/Bohemian_amb_WZ_tahiti_A.jpg?v=1711373767,Bohemian,Bohemian - Architessa
https://cdn.shopify.com/s/files/1/0416/7847/1329/collections/brazen_twilight.png?v=1742388063,Handmade Look,
https://cdn.shopify.com/s/files/1/0416/7847/1329/collections/zen_osaka.jpg?v=1711373783,Zen,Zen - Architessa
https://cdn.shopify.com/s/files/1/0416/7847/1329/collections/vibes_install_square.jpg?v=1711373767,Art Deco,Art Deco - Architessa
https://cdn.shopify.com/s/files/1/0416/7847/1329/collections/Bohemian_amb_WZ_tahiti_A_d5e687ee-841e-4ff5-bfc1-5eb66f3eb171.jpg?v=1711373767,Botanical Organic,Botanical Organic - Architessa
https://cdn.shopify.com/s/files/1/0416/7847/1329/collections/All_Interior_Floor_Tile_-_Dolomites.png?v=1711373768,All Interior Floor,All Interior Floor - Architessa
https://cdn.shopify.com/s/files/1/0416/7847/1329/collections/Bathroom_Floor_-_Manta.png?v=1711373767,Bathroom Floor,Bathroom Floor - Architessa
https://cdn.shopify.com/s/files/1/0416/7847/1329/collections/Covered_Patio_Tile_-_Frontier20_Deco_Look.png?v=1711373771,Covered Patio Tile,Covered Patio Tile - Architessa
https://cdn.shopify.com/s/files/1/0416/7847/1329/collections/Feature_Wall_Tile_-_Metal_Matrix.png?v=1711373771,Feature Wall,Feature Wall - Architessa
https://cdn.shopify.com/s/files/1/0416/7847/1329/collections/Shower_Floor_-_Davenport.png?v=1711373779,Shower Floor,Shower Floor - Architessa
https://cdn.shopify.com/s/files/1/0416/7847/1329/collections/Napoleon.png?v=1681243030,Hexagon,Hexagon
https://cdn.shopify.com/s/files/1/0416/7847/1329/collections/8d53dd4ce71bab936618cfe3066ca995.jpg?v=1711373768,Arabesque Lantern,Arabesque Lantern - Architessa
https://cdn.shopify.com/s/files/1/0416/7847/1329/collections/fanfare_white_circle_wall_3.jpg?v=1742389969,Circle Oval Tile,
https://cdn.shopify.com/s/files/1/0416/7847/1329/collections/Emotion.png?v=1681243496,Plank,Plank Shaped Tile
https://cdn.shopify.com/s/files/1/0416/7847/1329/collections/Align.png?v=1681244739,Basketweave Woven,Basketweave
https://cdn.shopify.com/s/files/1/0416/7847/1329/collections/RUE_PIERRE_BLANC_ANT_12_OCTAGON.png?v=1711373775,Octagon,Octagon - Architessa
https://cdn.shopify.com/s/files/1/0416/7847/1329/collections/Divine.png?v=1681244496,Waterjet Freeform,Waterjet Mosaic
https://cdn.shopify.com/s/files/1/0416/7847/1329/collections/Fanfare.png?v=1681243898,Scallop Fan,Scallop Fan Tile
https://cdn.shopify.com/s/files/1/0416/7847/1329/collections/c144e232a7f7ab494712e5838ab8f186.png?v=1711373771,Diamond,Diamond - Architessa
https://cdn.shopify.com/s/files/1/0416/7847/1329/collections/c92dc5bed6f044aad38c6c5f131d964f.png?v=1711373768,Chevron,Chevron - Architessa
https://cdn.shopify.com/s/files/1/0416/7847/1329/collections/9acda50c33990c54564fc88a89cff39f.png?v=1711373771,Geometric,Geometric - Architessa
https://cdn.shopify.com/s/files/1/0416/7847/1329/collections/Divergent_-_Linear.png?v=1711373771,Culturebrick Linear Tile,Culturebrick Linear Tile - Architessa
https://cdn.shopify.com/s/files/1/0416/7847/1329/collections/f521be6c467383f1d821c7e5d956e561.png?v=1681305482,Brick,Brick Shaped Tile
https://cdn.shopify.com/s/files/1/0416/7847/1329/collections/Beyond.png?v=1681243676,Rectangle,Rectangle Shaped Tile
https://cdn.shopify.com/s/files/1/0416/7847/1329/collections/Palatial.png?v=1711373779,Square,Square - Architessa
https://cdn.shopify.com/s/files/1/0416/7847/1329/collections/Boutique_Sleek.png?v=1711373767,Beveled,Beveled - Architessa
https://cdn.shopify.com/s/files/1/0416/7847/1329/collections/pure_atlas_point-reyes_inspo.jpg?v=1729529143,All Shapes,
https://cdn.shopify.com/s/files/1/0416/7847/1329/collections/checkerboard_teaser_6.png?v=1742390193,Residential Light Traffic,
https://cdn.shopify.com/s/files/1/0416/7847/1329/collections/Commercial_Light_Traffic_-_WOW_Cottage.png?v=1711373768,Commercial Light Traffic,Commercial Light Traffic - Architessa
https://cdn.shopify.com/s/files/1/0416/7847/1329/collections/stonetech_stone_tile_cleaner_qgoz_600x_jpg.webp?v=1711373768,Clean Seal,Clean Seal - Architessa
https://cdn.shopify.com/s/files/1/0416/7847/1329/collections/SLIMWOOD_modern.png?v=1729529072,Modern Minimalist,
https://cdn.shopify.com/s/files/1/0416/7847/1329/collections/subway_hustle_5f48cff6-cfb9-4aae-aaa3-5e96d77e06c7.jpg?v=1711373779,Subway Brick,Subway Brick - Architessa
https://cdn.shopify.com/s/files/1/0416/7847/1329/collections/Hollywood_Regency_geometric_mosaic.jpg?v=1682368998,Hollywood Regency,Mens dress shoes on black and white mosaic tile
https://cdn.shopify.com/s/files/1/0416/7847/1329/collections/craftsman_sequoia.webp?v=1711373771,Craftsman,Craftsman - Architessa
https://cdn.shopify.com/s/files/1/0416/7847/1329/collections/Maximalist.png?v=1711373775,Maximalist,Maximalist - Architessa
https://cdn.shopify.com/s/files/1/0416/7847/1329/collections/04f57eac5468191d8c1eadbd6c615c05.jpg?v=1711373779,Rustic,Rustic - Architessa
https://cdn.shopify.com/s/files/1/0416/7847/1329/collections/scandinavian_sherwood.jpg?v=1711373779,Scandinavian,Scandinavian - Architessa
https://cdn.shopify.com/s/files/1/0416/7847/1329/collections/Greige.png?v=1711373771,Greige,Greige - Architessa
https://cdn.shopify.com/s/files/1/0416/7847/1329/collections/Pool_Tile_-_Taza.png?v=1711373775,Pool Tile,Pool Tile - Architessa
https://cdn.shopify.com/s/files/1/0416/7847/1329/collections/CR1QSRusticCladdingQuartziteSilverStoneExteriorWallPool-min1-min_900x_6b513f7a-1bec-4932-99f3-579611302c5a.webp?v=1711373768,Cladding Facade,Cladding - Architessa
https://cdn.shopify.com/s/files/1/0416/7847/1329/collections/288112574625.webp?v=1711373783,USA Made,USA Made - Architessa
https://cdn.shopify.com/s/files/1/0416/7847/1329/collections/d1c442dc9ac81c726a2d639a38f36a88.jpg?v=1711373779,Recycled Content 10,Recycled Content 10 - Architessa
https://cdn.shopify.com/s/files/1/0416/7847/1329/collections/4b2b72c96c5efdd791fc25160f3b4037.jpg?v=1711373779,Recycled Content 20,Recycled Content 20 - Architessa
https://cdn.shopify.com/s/files/1/0416/7847/1329/collections/4e02df5433a9cd0a8e40e5dd1ba4942a.jpg?v=1711373775,Landscape Architecture,Landscape Architecture - Architessa
https://cdn.shopify.com/s/files/1/0416/7847/1329/collections/2bf9a0df484d457e8dcad01fee148244.jpg?v=1711373771,Engineered Wood,Engineered Wood - Architessa
https://cdn.shopify.com/s/files/1/0416/7847/1329/collections/Perfect-Pebble-Birds-Egg-Blend-184_2000x_df71ba4f-7665-490b-902b-0cbcc20f15ba.webp?v=1711373775,Pebble Tile,Pebble Tile - Architessa
https://cdn.shopify.com/s/files/1/0416/7847/1329/collections/4229181baf62e72bd78667dd7c8c7185.png?v=1711373783,Thresholds Trim,Thresholds Trim - Architessa
https://cdn.shopify.com/s/files/1/0416/7847/1329/collections/tools.png?v=1711373783,Tools,Tools - Architessa
https://cdn.shopify.com/s/files/1/0416/7847/1329/collections/cove_base_6x12_f4c0bb68-c1c8-4163-a92a-08aff856db23_2000x_png.webp?v=1711373771,Cove Base,Cove Base - Architessa
https://cdn.shopify.com/s/files/1/0416/7847/1329/collections/stock_natural_stone_blue_tides_portfolio.png?v=1711373779,Stock Natural Stone,Stock Natural Stone - Architessa
https://cdn.shopify.com/s/files/1/0416/7847/1329/collections/stock_porcelain_artem.png?v=1711373779,Stock Porcelain,Stock Porcelain - Architessa
https://cdn.shopify.com/s/files/1/0416/7847/1329/collections/stock_ceramic_-_basics.png?v=1711373779,Stock Ceramic,Stock Ceramic - Architessa
https://cdn.shopify.com/s/files/1/0416/7847/1329/collections/stock_sale_-_calacatta_chablis.png?v=1711373779,Stock Sale,Stock Sale - Architessa
https://cdn.shopify.com/s/files/1/0416/7847/1329/collections/stock_accessories_niche.png?v=1711373779,Stock Accessories,Stock Accessories - Architessa
https://cdn.shopify.com/s/files/1/0416/7847/1329/collections/Learning_Center_porcelain_care_1.png?v=1711373779,Stock Sundries,Stock Sundries - Architessa
https://cdn.shopify.com/s/files/1/0416/7847/1329/collections/Stock_Specialty_-_terra.png?v=1711373779,Stock Specialty,Stock Specialty - Architessa
https://cdn.shopify.com/s/files/1/0416/7847/1329/collections/Stock_Glass_-_batik.png?v=1711373779,Stock Glass,Stock Glass - Architessa
https://cdn.shopify.com/s/files/1/0416/7847/1329/collections/Stock_Cement_-_adorn.png?v=1711373779,Stock Cement,Stock Cement - Architessa
https://cdn.shopify.com/s/files/1/0416/7847/1329/collections/stock_USA_made_-_abode.png?v=1711373779,Stock USA Made,Stock USA Made - Architessa
https://cdn.shopify.com/s/files/1/0416/7847/1329/collections/tesuque_bianco_assoluto_80x80_majolica_lux_azure_part_bagno_1.jpg?v=1729529023,Color Body Porcelain,
https://cdn.shopify.com/s/files/1/0416/7847/1329/collections/strand-ash-10074_ae165e25-ce54-4682-9660-ffaf626aefbe.jpg?v=1742388322,Glazed Porcelain,
https://cdn.shopify.com/s/files/1/0416/7847/1329/collections/i_Moons_Jazz_Club_Dark_Multi_CUTMWJMOON6DK_1000x_jpg.webp?v=1711373766,Art Murals,Art Murals - Architessa
https://cdn.shopify.com/s/files/1/0416/7847/1329/collections/f9365bf0b0acbde28ecc3601d61ad734.jpg?v=1711373771,Cradle to Cradle Certified Collections,Crade to Cradle Certified Collections - Architessa
https://cdn.shopify.com/s/files/1/0416/7847/1329/collections/cbc9c7acc43f5ac9df23240edab0deda.jpg?v=1711373779,Recycled Content 40,Recycled Content 40 - Architessa
https://cdn.shopify.com/s/files/1/0416/7847/1329/collections/e6062646c3a2c8fd075cfb3e28f07d65.jpg?v=1711373779,Porcelain Slabs/Panels,Porcelain Slabs/Panels - Architessa
https://cdn.shopify.com/s/files/1/0416/7847/1329/collections/centurywoodinstall2.jpg?v=1742390393,Parquet,
https://cdn.shopify.com/s/files/1/0416/7847/1329/collections/FR20ESSENCEGREY_PATIO_1440x_jpg.webp?v=1711373765,Frontier20 All Collections,Frontier20 All Collections - Architessa
https://cdn.shopify.com/s/files/1/0416/7847/1329/collections/luxury_calacatta_1440x_jpg.webp?v=1711373765,Checkerboard Tile Collections,Checkerboard Tile Collections - Architessa
https://cdn.shopify.com/s/files/1/0416/7847/1329/collections/Stock_Slabs_-_elevated.png?v=1711373765,Stock Slabs/Panels,Stock Slabs/Panels - Architessa
https://cdn.shopify.com/s/files/1/0416/7847/1329/collections/schluter_trim.png?v=1711373765,Schluter Trim,Schluter Trim - Architessa
https://cdn.shopify.com/s/files/1/0416/7847/1329/collections/Ivory.png?v=1711373771,Ivory,Ivory - Architessa
https://cdn.shopify.com/s/files/1/0416/7847/1329/collections/Pink.png?v=1711373775,Pink,Pink - Architessa
https://cdn.shopify.com/s/files/1/0416/7847/1329/collections/Orange.png?v=1711373775,Orange,Orange - Architessa
https://cdn.shopify.com/s/files/1/0416/7847/1329/collections/Purple.png?v=1711373779,Purple,Purple - Architessa
https://cdn.shopify.com/s/files/1/0416/7847/1329/collections/Silver.png?v=1681305814,Silver,Silver
https://cdn.shopify.com/s/files/1/0416/7847/1329/collections/Gold.png?v=1711373771,Gold,Gold - Architessa
https://cdn.shopify.com/s/files/1/0416/7847/1329/collections/Unknown.webp?v=1711373767,12x24 Porcelain,12x24 Porcelain - Architessa
https://cdn.shopify.com/s/files/1/0416/7847/1329/collections/multifamily_floor_portland.jpg?v=1711373775,Multifamily Unit Flooring Tub Surround,Multifamily Unit Flooring Tub Surround - Architessa
https://cdn.shopify.com/s/files/1/0416/7847/1329/collections/multifamily_backsplash_metal_matrix.jpg?v=1711373775,Multifamily Unit Backsplash,Multifamily Unit Backsplash - Architessa
https://cdn.shopify.com/s/files/1/0416/7847/1329/collections/mosa-core-collection-terra-blue_239.jpg?v=1742389203,36x36,
https://cdn.shopify.com/s/files/1/0416/7847/1329/collections/24x24_palatial.jpg?v=1711373767,24x24,24x24 - Architessa
https://cdn.shopify.com/s/files/1/0416/7847/1329/collections/Declare-logo-transparent-2_png.webp?v=1711373771,DECLARE Certified Collections,DECLARE Certified Collections - Architessa
https://cdn.shopify.com/s/files/1/0416/7847/1329/collections/137552b2-2561-4449-8a43-988224085195.png?v=1711373783,Tile Collections with Recycled Content,Tile Collections with Recycled Content - Architessa
https://cdn.shopify.com/s/files/1/0416/7847/1329/collections/greenguard.png?v=1711373771,Greenguard Certified Collections,Greenguard Certified Collections - Architessa
https://cdn.shopify.com/s/files/1/0416/7847/1329/collections/HPDC-Collaborative2.png?v=1711373772,HPD EPD,HPD EPD - Architessa
https://cdn.shopify.com/s/files/1/0416/7847/1329/collections/Mindful-logo-Transparentbackground.png?v=1711373775,mindful MATERIALS,mindful MATERIALS - Architessa
https://cdn.shopify.com/s/files/1/0416/7847/1329/collections/badge.png?v=1711373775,LBC Red List Free Collections,LBC Red List Free Collections - Architessa
https://cdn.shopify.com/s/files/1/0416/7847/1329/collections/neotropical_black_mix_20x20_nat_ret_amb_01_webp.jpg?v=1711373779,Portobello,Portobello - Architessa
https://cdn.shopify.com/s/files/1/0416/7847/1329/collections/WALL-SILKandLINEN.jpg?v=1711373771,Contractor Collections,Contractor Collections - Architessa
https://cdn.shopify.com/s/files/1/0416/7847/1329/collections/elevated_white_paradise_3_sq.jpg?v=1711373779,Porcelain Slabs/Panels 6mm,Porcelain Slabs/Panels 6mm - Architessa
https://cdn.shopify.com/s/files/1/0416/7847/1329/collections/ElevatedCalacattaGoldinstall2.jpg?v=1711373779,Porcelain Slabs/Panels 12mm,Porcelain Slabs/Panels 12mm - Architessa
https://cdn.shopify.com/s/files/1/0416/7847/1329/collections/loopline_arco-off-white-mt-15_5x15_5cm-foto-taito-estudio-producao-debbie-apsan-amb03.jpg?v=1742387656,6x6,
https://cdn.shopify.com/s/files/1/0416/7847/1329/collections/landmark-contract-catalog2018-14.jpg?v=1711373783,USA Made Contract Pricing,USA Made Contract Pricing - Architessa
https://cdn.shopify.com/s/files/1/0416/7847/1329/collections/decade_install_square_blue.jpg?v=1742387217,Retro,
https://cdn.shopify.com/s/files/1/0416/7847/1329/collections/boweri_bathroom_foresta.jpg?v=1742387800,Vintage,
https://cdn.shopify.com/s/files/1/0416/7847/1329/collections/install_Pinnacle_Fete_China_Black_SPINFETE_Bar_webp.jpg?v=1714600673,Fluted,
https://cdn.shopify.com/s/files/1/0416/7847/1329/collections/plumb_panels_install_oak_slat_natural_30x120_e38b0212-1a67-4b86-8509-6b2ea0ddde2a.jpg?v=1714602173,Wood Slat Tile,
https://cdn.shopify.com/s/files/1/0416/7847/1329/collections/Habitat_terra_sq.png?v=1730321032,Terracotta Tile,
https://cdn.shopify.com/s/files/1/0416/7847/1329/collections/tangier_classic_4x4_fez_white_gloss.jpg?v=1730325016,Zellige Tile Bejmat Tile,
https://cdn.shopify.com/s/files/1/0416/7847/1329/collections/pastelaria-velvet-graffi-10260.jpg?v=1733848398,Top Sampled Tiles 2024,
https://cdn.shopify.com/s/files/1/0416/7847/1329/collections/architessa_pembrooke_rouge.jpg?v=1742389461,Sweet Color Pairings,
https://cdn.shopify.com/s/files/1/0416/7847/1329/collections/alto_ligne_fumee_closeup_scene_ce2dd205-8644-468d-9513-d77ad371ac36.jpg?v=1742387751,Quick Ship Lead Time,